Workbook

Sheet 2700A
A2: 2700A 중요성 요약표 (기준서 320)
A5: 회사명 | C5: 작성자 | E5: 일자
A6: 결산일 | C6: 검토자 | E6: 일자
A8: 감사계획단계에서 설정된 금액을 기술하고, 종결단계에서 감사완결조서에서 update한다. 중요성 금액 산정과 관련된 benchmark에 대해서는 Audit Guide 2700 중요성을 참조한다.
A9: 항목 | D9: 감사인중요성 금액(백만원) | E9: 부문중요성(*) 금액(백만원) | F9: 최종중요성 금액(백만원)
A10: (감사계획단계)
A11: (1) 재무제표 전체에 대한 중요성 : | F11: =MIN(D11,E11) -> 0
A12: (2) 수행 중요성 : | F12: =MIN(D12,E12) -> 0
A13: (3) 명백하게 사소한 중요성 수준 : | F13: =MIN(D13,E13) -> 0
A14: (4) 특정 거래유형과 계정잔액 및 공시에 대한 중요성 :
A15: 계정과목,거래유형,공시
F16: =MIN(D16,E16) -> 0
A17: * 부문중요성은 지배기업 감사인으로부터 통보받은 부문중요성을 의미하며, 해당사항이 있을 경우 기재
A19: (감사수행단계)
A20: 감사 진행과정에서 업데이트 되는 경우 적절히 문서화 하고, 관련된 감사절차의 성격, 시기 및 범위에 미치는 영향을 평가한다.
A21: (1) 재무제표 전체에 대한 중요성 : | F21: =MIN(D21,E21) -> 0
A22: (2) 수행 중요성 : | F22: =MIN(D22,E22) -> 0
A23: (3) 명백하게 사소한 중요성 수준 : | F23: =MIN(D23,E23) -> 0
A24: (4) 특정 거래유형과 계정잔액 및 공시에 대한 중요성 :
A25: 계정과목,거래유형,공시
F26: =MIN(D26,E26) -> 0
A28: (5) 중요성기준의 업데이트 근거
A32: (감사완결단계)
A33: (1) 재무제표 전체에 대한 중요성 : | F33: =MIN(D33,E33) -> 0
A34: (2) 수행 중요성 : | F34: =MIN(D34,E34) -> 0
A35: (3) 명백하게 사소한 중요성 수준 : | F35: =MIN(D35,E35) -> 0
A36: (4) 특정 거래유형과 계정잔액 및 공시에 대한 중요성 :
A37: 계정과목,거래유형,공시
F38: =MIN(D38,E38) -> 0
A40: (5) 중요성기준의 업데이트 근거
A43: <비고(*)>
A50: 감사인은 최초에 설정한 중요성을 다르게 결정했을 정보를 감사 중에 알게 된 경우, 재무제표 전체에 대한 중요성 (그리고 해당되는 경우, 특정 거래유형, 계정잔액 혹은 공시에 대한 중요성 수준)을 수정하여야 한다. (감사기준서 320 문단 12.)
A51: (*) 재무제표 전체에 대한 중요성을 최초에 결정한 중요성보다 낮추는 것이 적합하다고 결정한 경우, 수행중요성을 수정하는 것이 필요한지 그리고 추가감사절차의 성격, 시기 및 범위가 여전히 적합한지 여부를 결정하여야 하며, 이에 대한 검토 내역을 기재

Sheet 2700A-1
A1: 2700A-1 중요성 산정 Template (감사계획단계) (기준서 320)
B5: 회사명 | C5: ='2700A'!B5 -> 0 | D5: 작성자 | E5: ='2700A'!D5 -> 0 | F5: 일자
B6: 결산일 | C6: ='2700A'!B6 -> 0 | D6: 검토자 | E6: ='2700A'!D6 -> 0 | F6: 일자 | G6: Yes
A10: 1. 기본정보
A11: 1) 회사명
A12: 2) 회계기간
A13: 3) 상장여부
A14: 4) 재무정보(단위: 백만원)
B15: ① 자산총액 | E15: ⑤ 당기손익
B16: ② 매출액 | E16: ⑥ 세전손익
B17: ③ 자기자본 | E17: ⑦ 기타
B18: ④ 자본금
A20: 2. 재무제표 전체에 대한 중요성
A21: 1) 선택 기준
B22: 금액
B23: 근거
A27: 2) 백분율
B28: 근거
A32: 3) 중요성 금액 산정액 | G32: =G22*G27 -> 0
A34: 3. 수행 중요성
A35: 1) 삭감 비율
B36: 근거
A40: 2) 삭감 후 수행중요성 금액 산정액 | G40: =G32*(1-G35) -> 0
A42: 4. 명백하게 사소한 중요성 수준
A43: 1) 산정 비율
A45: 2) 산정 금액 | G45: =G32*G43 -> 0
B46: 근거
B50: (감사의 진행과 종료시에 명백하게 사소한 중요성 수준으로 pass된 미수정 왜곡표시 금액 합계의 전체적 영향에 대하여 판단하여야 한다.
A53: 5. 특정 거래유형과 계정잔액 및 공시에 대한 중요성의 결정
A54: 1) 산정금액
B55: 근거

Sheet 2700A-2
A1: 2700A-2 중요성 산정 Template (감사수행단계) (기준서 320)
B5: 회사명 | C5: ='2700A'!B5 -> 0 | D5: 작성자 | E5: ='2700A'!D5 -> 0 | F5: 일자
B6: 결산일 | C6: ='2700A'!B6 -> 0 | D6: 검토자 | E6: ='2700A'!D6 -> 0 | F6: 일자 | G6: Yes
A10: 1. 기본정보
A11: 1) 회사명
A12: 2) 회계기간
A13: 3) 상장여부
A14: 4) 재무정보(단위: 백만원)
B15: ① 자산총액 | E15: ⑤ 당기손익
B16: ② 매출액 | E16: ⑥ 세전손익
B17: ③ 자기자본 | E17: ⑦ 기타
B18: ④ 자본금
A20: 2. 재무제표 전체에 대한 중요성
A21: 1) 선택 기준
B22: 금액
B23: 근거
A27: 2) 백분율
B28: 근거
A32: 3) 중요성 금액 산정액 | G32: =G22*G27 -> 0
A34: 3. 수행 중요성
A35: 1) 삭감 비율
B36: 근거
A40: 2) 삭감 후 수행중요성 금액 산정액 | G40: =G32*(1-G35) -> 0
A42: 4. 명백하게 사소한 중요성 수준
A43: 1) 산정 비율
A45: 2) 산정 금액 | G45: =G32*G43 -> 0
B46: 근거
B50: (감사의 진행과 종료시에 명백하게 사소한 중요성 수준으로 pass된 미수정 왜곡표시 금액 합계의 전체적 영향에 대하여 판단하여야 한다.
A53: 5. 특정 거래유형과 계정잔액 및 공시에 대한 중요성의 결정
A54: 1) 산정금액
B55: 근거

Sheet 2700A-3
A1: 2700A-3 중요성 산정 Template (감사완결단계) (기준서 320)
B5: 회사명 | C5: ='2700A'!B5 -> 0 | D5: 작성자 | E5: ='2700A'!D5 -> 0 | F5: 일자
B6: 결산일 | C6: ='2700A'!B6 -> 0 | D6: 검토자 | E6: ='2700A'!D6 -> 0 | F6: 일자 | G6: Yes
A10: 1. 기본정보
A11: 1) 회사명
A12: 2) 회계기간
A13: 3) 상장여부
A14: 4) 재무정보(단위: 백만원)
B15: ① 자산총액 | E15: ⑤ 당기손익
B16: ② 매출액 | E16: ⑥ 세전손익
B17: ③ 자기자본 | E17: ⑦ 기타
B18: ④ 자본금
A20: 2. 재무제표 전체에 대한 중요성
A21: 1) 선택 기준
B22: 금액
B23: 근거
A27: 2) 백분율
B28: 근거
A32: 3) 중요성 금액 산정액 | G32: =G22*G27 -> 0
A34: 3. 수행 중요성
A35: 1) 삭감 비율
B36: 근거
A40: 2) 삭감 후 수행중요성 금액 산정액 | G40: =G32*(1-G35) -> 0
A42: 4. 명백하게 사소한 중요성 수준
A43: 1) 산정 비율
A45: 2) 산정 금액 | G45: =G32*G43 -> 0
B46: 근거
B50: (감사의 진행과 종료시에 명백하게 사소한 중요성 수준으로 pass된 미수정 왜곡표시 금액 합계의 전체적 영향에 대하여 판단하여야 한다.
A53: 5. 특정 거래유형과 계정잔액 및 공시에 대한 중요성의 결정
A54: 1) 산정금액
B55: 근거
