Workbook

Sheet 실증절차
A2: 실 증 절 차
A3: (한국채택국제회계기준)
A5: 본 실증절차는 감사계획수립시에 감사대상회사에 적용하는 경우에는 감사위험 수준을 반영한 적발위험의 목표수준설정에 따라 적절히 수정 또는 보완하여 사용한다.
A6: 예시한 감사절차는 제조업을 대상으로 한 일반적인 감사절차를 기술한 것이므로 제조업 이외의 업종이나 기타 회사의 개별상황에 따라 적절히 수정 또는 보완하여 사용한다.
A7: 감사인은 평가된 중요왜곡표시위험과 관계없이 중요한 각 거래유형과 계정잔액 및 공시에 대하여는 실증절차를 설계하고 수행하여야 한다.
A8: 감사인은 기업의 재무제표 결산절차와 관련된 실증절차를 수행할 때 다음의 감사절차를 포함하여야 한다. (a) 재무제표의 정보 가 그 기초가 되는 회계기록과 일치하는지를 확인하거나 차이를 조정함(총계정원장과 보조원장 내에서 입수된 정보이든 외부에서 입수된 정보이든 공시에 포함된 정보가 일치하는지 확인하거나 차이를 조정하는 것을 포함) (b) 재무제표를 작성하는 과정에서 행한 중요한 분개 및 기타 수정사항에 대하여 조사함
A9: 인덱스 | B9: 계정과목 | C9: 담당자 | D9: 종료일
A10: A | B10: 현금및현금성자산, 장단기금융상품 | C10: 홍길동 | D10: 2024년 x월 xx일
A11: B | B11: 유가증권(유동,비유동) | C11: 홍길동 | D11: 2024년 x월 xx일
A12: SAJ | B12: 종속기업 또는 관계기업, 공동기업 | C12: 홍길동 | D12: 2024년 x월 xx일
A13: DER | B13: 파생상품 | C13: 홍길동 | D13: 2024년 x월 xx일
A14: C | B14: 매출채권(장단기) | C14: 홍길동 | D14: 2024년 x월 xx일
A15: DL | B15: 리스 | C15: 홍길동 | D15: 2024년 x월 xx일
A16: D | B16: 기타유동자산 | C16: 홍길동 | D16: 2024년 x월 xx일
A17: E | B17: 재고자산 | C17: 홍길동 | D17: 2024년 x월 xx일
A18: E100 | B18: 재고자산실사입회 | C18: 홍길동 | D18: 2024년 x월 xx일
A19: F | B19: 투자부동산 | C19: 홍길동 | D19: 2024년 x월 xx일
A20: G | B20: 유형자산 | C20: 홍길동 | D20: 2024년 x월 xx일
... A32: GG | B32: 자본 | C32: 홍길동 | D32: 2024년 x월 xx일
D33: 2024년 x월 xx일
A34: P | B34: 매출 및 기타수익 | C34: 홍길동 | D34: 2024년 x월 xx일
A35: Q | B35: 매출원가 및 제조원가 | C35: 홍길동 | D35: 2024년 x월 xx일
A36: R | B36: 판매비와 관리비 | C36: 홍길동 | D36: 2024년 x월 xx일
A37: S | B37: 기타이익, 기타비용 | C37: 홍길동 | D37: 2024년 x월 xx일
A38: T | B38: 이연법인세․미지급법인세 | C38: 홍길동 | D38: 2024년 x월 xx일
A39: U | B39: 매각예정비유동자산과 중단사업 | C39: 홍길동 | D39: 2024년 x월 xx일
A40: V | B40: K-IFRS 최초채택 | C40: 홍길동 | D40: 2024년 x월 xx일
A41: JV | B41: 공동약정 | C41: 홍길동 | D41: 2024년 x월 xx일
A42: SEG | B42: 부문별정보 | C42: 홍길동 | D42: 2024년 x월 xx일
A43: EST | B43: 공정가치 등 회계추정치 | C43: 홍길동 | D43: 2024년 x월 xx일
A44: IOC | B44: 정보시스템조직의 회계관리 입출력 | C44: 홍길동 | D44: 2024년 x월 xx일
A45: CF | B45: 현금흐름표 | C45: 홍길동 | D45: 2024년 x월 xx일

Sheet A
A1: 실 증 절 차
A2: (A. 현금및현금성자산, 장단기금융상품)
A4: 회사명 | F4: 작성자 | I4: 일자
A5: 결산일 | F5: 검토자 | I5: 일자
A6: 경영진 주장 :
A7: A | B7: : 정확성(Accuracy) | D7: E | E7: : 실재성(Existence) | G7: RO | H7: : 권리와 의무(Rights and obligations)
A8: C | B8: : 완전성(Completeness) | D8: O | E8: : 발생사실(Occurrence) | G8: CL | H8: : 분류(Classification)
A9: CO | B9: : 기간귀속(Cutoff) | D9: V | E9: : 평가(Valuation) | G9: U | H9: : 이해가능성(Understandability)
A10: P | B10: : 표시(Presentation)
A11: ※ 업무요령 : 조서번호 2302 감사위험의 평가(경영진 주장 수준)에서 파악된 위험과 조서번호 3100 위험에 대한 대응에 기재된 실증절차에 맞게 실증절차를 수행한다.
A13: Part 1. 절차 예시
A14: 감사절차 | J14: 경영진 주장 | K14: 조서번호
A15: 1. 현금및현금성자산 총괄표 작성 | J15: E, C, CL
A16: 당기말잔액은 총계정원장과, 전기말잔액은 전기감사보고서와 각각 대조하고, 양년도간 특별한 변동사항은 그 원인을 규명한다.
A17: 2. 현금및현금성자산 및 장단기금융상품 명세서 | J17: C, V
A18: (1) 현금및현금성자산, 장단기금융상품 명세서를 입수하여 금액을 계산검증하고 보조부와 대조 확인한다.
A19: (2) 명세서를 스캔하여 유의적이거나 비경상적인 항목들을 검토한다.
A20: 3. 현금, 미사용수표 및 어음의 실사를 수행한다. | J20: E, C, RO
A21: 4. 금융기관 등에 대한 조회 | J21: E, RO
A22: 외부 조회에 대한 구체적인 절차는 Audit Guide 3320 외부조회를 참고한다.
A23: 5. 사용이 제한된 예금과 장기성예금 해당 여부 | J23: CL
A24: 예금의 사용제한이나 질권, 기타 담보제공 및 장기성 예금 여부를 확인하기 위하여 은행조회서, 의사록, 대출약정서 등을 검토하고, 경영진에게 질문한다.
A25: 6.재무제표 공시사항 검토(공시사항점검표 참조) | J25: C, CL, U, P
A26: 7.감사결론의 기술
A29: Part 2. 추가 고려 절차
A30: 감사절차 | J30: 경영진주장 | K30: 조서번호
A31: 1. 금융기관 등에 대한 조회 시 유의사항 | J31: E, RO
A32: (1) 기중에 거래가 해지되었거나 잔액이 없는 예금계정을 포함하여 모든 금융기관으로부터 조회서를 발송 및 회수한다.
A33: (2) 조회서상의 미회수 어음/수표내역을 보고기간종료일 현재 미사용, 견질제공, 지급어음명세서 등을 통하여 확인한다.
A34: (3) 은행연합회가 제공하는 월보 및 일보(여수신현황표)를 입수하여 차입금, 여신한도, 담보제공, 지급보증, 파생상품 등의 내역이 금융기관조회서의 내용과 일치하는지 확인한다.
A35: (4) 회사로부터 조회서 발송대상 금융기관 리스트를 입수하여 다음과 같은 절차를 수행한다.
A36: ① 당기 또는 전기말 현재 예․적금, 차입금, 지급보증 등의 잔액이 있는 모든 금융기관이 포함되어 있는지를 잔액명세서와 대조하여 확인한다.
A37: ② 당기말 현재 잔액은 없으나 기중 거래가 있었던 모든 금융기관이 포함되어 있는지를 확인하기 위하여 예금, 차입금 및 이자비용 장부를 개관한다.
A38: ③ 당기중 파생상품거래, 지급보증거래, 한도거래 등이 있었던 모든 금융기관이 포함되어 있는지를 확인하기 위하여 회사의 자금 담당자에게 질문하고 또한 징구 받은 제계약서 및 제의사록을 검토한다.
A39: (5) 모든 계좌를 조회하지 않는 경우 그 근거를 조서화한다.
A40: (6) 금융기관조회서의 작성은 회사가 하는 것이 효율적이나, 발송과 회신은 감사인이 직접 수행하여야 한다.
A41: 2. 양도성예금증서(CD) 및 표지어음의 실사를 수행한다. | J41: E, RO
A42: (1) CD의 사본(또는 발생사실 확인서)이 아니라 반드시 실물을 회사가 소유하고 있는지 기말재고실사시 및 기말감사시점에 모두 확인한다.
A43: (2) 분석적절차를 통하여 회사의 영업현황, 재무구조 또는 자금능력 등에 비추어 그 보유사유의 타당성과 보유규모의 적정성을 평가한다.
A44: (3) 회사에게 취득자금의 원천 및 입․출금 관련 증빙자료(통장기록등)를 요구하여 정상적인 회사의 자금능력으로 해당 CD 등을 취득하였는지 여부를 검토한다.
A45: (4) 기말감사시점에 동 CD가 양도되었다면 그 양도대금이 정상적으로 회사에 입금되었는지 확인한다.
A46: (5) 서면진술서에 그 내역을 기재하고, 회사소유임을 확인받는 절차를 고려한다.
A47: 3. 은행계정간 자금이체를 검토한다. | J47: CL, V
A48: (1) 보고기간말에 근접하여 발생한 회사의 은행계정과 타인을 위하여 관리하는 계정간의 자금이체를 식별한다.
A49: (2) 각각의 입금과 출금이 동일한 회계기간의 회계기록에 반영되었는지 검토한다.
A50: (3) 동일한 회계기간에 은행에 기록되지 않은 항목이 은행계정조정표에 적절하게 나타나고 있는지 검토한다.
A51: (4) 타인을 위하여 관리하는 계정의 경우, 내부조정계정이 적절히 설정되었음을 검증하고 자금이체는 기말 이후에 취소되었는지 여부를 검토하여 해당 거래가 실질이 없었으며 기말에 취소되었어야 했는지 검토한다.
A52: 4. 보고기간종료일 전후의 현금예금 거래의 기간귀속의 적정성을 검토한다. | J52: C, V
A53: 5. 이자부예금에 대한 수입이자, 미수수익등의 적정성 확인 및 관련 손익계정과 연결한다. | J53: C, V, A
A54: 6. 사업연도 종료일부터 감사종료일까지 입출금거래전표를 개관하고 특이한 거래 또는 부외부채의 유무를 확인한다.
A55: 7. 현금및현금성자산 분류의 적정성을 검토한다.
A56: (1) MMF, MMW, MMT의 구성자산이 모두 현금및현금성자산의 정의를 충족하는 경우, 현금및현금성자산으로 분류 가능[금융감독원 'MM상품 투자시 분류 및 회계처리 안내(211229)' 참고] | J56: C, CL
A58: Part 3. 추가감사절차
A60: * 감사인이 상기 감사절차예시 이외의 추가절차를 수행할 경우, 아래에 해당 내용을 기재한다.
A62: 감사절차 | J62: 경영진주장 | K62: 조서번호

Sheet B
A1: 실 증 절 차
A2: (B. 유가증권(유동,비유동))
A4: 회사명 | C4: 0 | F4: 작성자 | G4: 0 | I4: 일자
A5: 결산일 | C5: 2021-01-00 | F5: 검토자 | G5: 0 | I5: 일자
A6: 경영진 주장 :
A7: A | B7: : 정확성(Accuracy) | D7: E | E7: : 실재성(Existence) | G7: RO | H7: : 권리와 의무(Rights and obligations)
A8: C | B8: : 완전성(Completeness) | D8: O | E8: : 발생사실(Occurrence) | G8: CL | H8: : 분류(Classification)
A9: CO | B9: : 기간귀속(Cutoff) | D9: V | E9: : 평가(Valuation) | G9: U | H9: : 이해가능성(Understandability)
A10: P | B10: : 표시(Presentation)
A11: ※ 업무요령 : 조서번호 2302 감사위험의 평가(경영진 주장 수준)에서 파악된 위험과 조서번호 3100 위험에 대한 대응에 기재된 실증절차에 맞게 실증절차를 수행한다.
A13: Part 1. 절차 예시
A14: 감사절차 | J14: 경영진 주장 | K14: 조서번호
A15: 1. 금융자산 총괄표 작성 | J15: E, C, CL
A16: 당기말잔액은 총계정원장과, 전기말잔액은 전기감사보고서와 각각 대조하고, 양년도간 특별한 변동사항은 그 원인을 규명한다.
A17: 2.금융자산 명세서 | J17: C, V
A18: (1) 금융자산명세서를 입수하여 금액을 계산검증하고 보조부와 대조 확인한다.
A19: (2) 명세서를 스캔하여 유의적이거나 비경상적인 항목들을 검토한다.
A20: 3. 금융자산의 실재성 확인 | J20: E, RO
A21: (1) 다음의 방법으로 금융자산의 실재성을 확인한다.
A22: ① 회사가 직접 보유중인 금융자산은 실사한다.
A23: ② 타처 보관 또는 담보로 제공된 금융자산은 보관자에게 직접 조회하거나 보관확인서를 입수한다.
A24: ③ 조회서, 계약서 및 의사록 등의 검토를 통하여 유치권, 저당권 및 담보제공 등을 확인한다. 외부 조회에 대한 구체적인 절차는 Audit Guide 3320 외부조회를 참고한다.
A25: ④ 제 3자 소유 금융자산을 대신하여 보유하고 있는 경우, 금융자산명세서에 포함되어 있지 않음을 확인하고, 실제 소유자에게 성격과 수량을 확인한다.
A26: (2) 금융자산 수탁기관의 존속가능성을 평가한다.
A27: 4. 금융자산 완전성 검토 | J27: C
A28: 이사회의사록 및 과거거래원장을 검토하고 계정 잔액과 기타관련계정간의 관계를 분석하며 다른 테스트를 고려하여 금융자산의 완전성을 검토한다.
A29: 5. 중요한 증감의 검토 | J29: O, C,
A30: (1) 기중 중요한 금융자산의 취득거래에 대하여는 거래증빙을 대사하여 거래의 기간귀속, 발생사실, 취득원가 등을 확인한다. | J30: CO, V
A31: (2) 최초인식시 공정가치(일반적으로 제공한 대가와 동일)로 측정되었음을 확인하고, 당기손익-공정가치 측정 금융자산의 거래원가는 당기손익으로, 그 외의 금융자산의 거래원가는 해당 공정가치에 가산되었음을 확인한다.
A32: (3) 기중 중요한 금융자산의 처분거래에 대해 거래증빙을 대사하여 거래의 기간귀속, 발생사실, 처분손익 등을 확인한다.
A33: 6. 금융자산의 분류 | J33: CL
A34: 금융자산이 K-IFRS 1109, 1027, 1028, 1111에 따라 당기손익-공정가치측정 금융자산, 기타포괄손익-공정가치측정 금융자산, 상각후원가측정 금융자산 또는 종속기업, 관계기업, 공동기업 등으로 적절히 분류되었는지 검토한다. (종속기업, 관계기업, 공동기업으로 분류된 경우 "SAJ.종속기업 또는 관계기업, 공동기업 " 에서 절차를 수행)
A35: 7. 금융자산의 후속측정 | J35: V
A36: (1) 공정가치로 평가하는 금융자산에 대하여 다음의 절차를 수행한다.
A37: ① 공시가격으로 측정된 금융자산 - 독립적으로 입수한 공시가격과 대사한다. 유동성이 적은 금융자산에 대하여는 공시가격의 적합성을 평가한다.
A38: ② 평가기법을 사용한 공정가치로 측정된 금융자산 - 활성시장에서 공시되는 거래가격이 없음을 확인하고, ‘공정가치 등 회계추정치에 대한 실증절차’를 수행한다.
A39: ③ 평가로 인한 손익이 각 분류별로 당기손익 또는 기타포괄손익누계액으로 적절히 반영되었는지 검토한다.
A40: ④ 기타포괄손익-공정가치측정 금융자산의 미실현보유손익의 변동내역과 처분에 따른 실현손익의 내용을 검토한다.
A41: ⑤ 비상장주식을 원가로 측정하는 경우, 원가가 공정가치의 적절한 추정치가 될 수 있는 요건을 모두 충족하는지 검토한다. '비상장주식에 대한 공정가치평가 관련 감독지침(2019.3.12)' 및 '비상장주식에 대한 공정가치평가 관련 가이드라인(2020.1.22)' 참고
A42: (2) 상각후원가측정 금융자산의 경우, 최초인식금액과 만기가액의 차이가 유효이자율에 따라 적절히 상각되고, 이를 취득원가와 이자수익에 가감하고 있는지 확인한다.
A43: 8. 금융자산의 손상검토 | J43: V
A44: (1) 금융자산 손상에 대한 회사의 회계정책을 입수하고, 해당 회계정책이 K-IFRS 1109에 부합하는지 여부를 확인한다.
A45: (2) 회사의 회계정책에 따라 손상 대상이 되는 금융자산, 리스채권, 계약자산, 대출약정, 금융보증계약 등이 모두 파악되었는지 확인한다. 누락된 종목에 대하여는 사유를 파악하고 정당성을 평가한다.
A46: (3) 최초 인식 후에 금융상품의 신용위험이 유의적으로 증가하였는지를 평가한 내용을 확인하고 신용위험의 유의적인 증가에 대한 판단이 타당한지 평가한다.
A47: (4) 손실충당금이 K-IFRS 1109에 따른 다음 기대신용손실로 인식되었는지, 해당 기대신용손실은 K-IFRS 1109에 따라 적절하게 측정되었는지 확인한다.
A48: ① 최초 인식 후에 금융상품의 신용위험이 유의적으로 증가한 경우에는 매 보고기간 말에 전체기간 기대신용손실에 해당하는 금액
A49: ② 최초 인식 후에 금융상품의 신용위험이 유의적으로 증가하지 아니한 경우, 보고기간말에 12개월 기대신용손실에 해당하는 금액
A50: ③ 취득시 신용이 손상되어 있는 금융자산은 보고기간 말에 최초 인식 이후 전체기간 기대신용손실의 누적변동분만을 손실충당금으로 인식
A51: (5) 간편법에 따라 손실충당금을 측정하는 매출채권, 계약자산, 리스채권의 경우, K-IFRS 1109에 따른 간편법 적용 요건을 충족하였는지 검토하고, 전체기간 기대신용손실에 해당하는 금액으로 손실충당금을 측정되었는지 확인한다.
A52: 9. 배당금 및 이자수익 | J52: O, CO, A
A53: (1) 지분증권으로부터의 배당금이 지급액을 받을 권리가 확정되는 시점에 당기손익으로 인식되었는지 확인한다.
A54: (2) 채무증권에 대한 이자수익은 유효이자율법에 따라 당기손익으로 인식되었는지 확인한다.
A55: 10. 재무제표 공시사항(공시사항 점검표 참조) | J55: C, CL, U, P
A56: 11. 감사결론의 기술
A59: Part 2. 추가 고려 절차
A60: 감사절차 | J60: 경영진 주장 | K60: 조서번호
A61: 1. 금융자산의 재분류 | J61: CL
A62: (1) 금융자산이 재분류된 경우, 그 내용 및 이유를 검토하여 K-IFRS 1109에 부합하는 재분류인지 여부를 확인한다.
A63: (2) 재분류시 재분류된 금융자산의 장부금액의 측정, 재분류전 금융자산과의 장부금액 차이 조정 등이 K-IFRS 1109에 따라 수행되었는지 확인한다.
A64: 2. 금융자산의 양도 | J64: E, RO, CL
A65: 금융자산의 양도거래가 있는 경우, K-IFRS 1109상 제거조건을 충족하는지 검토하고, 관련 K-IFRS 1107의 ‘금융자산의 양도’에 대한 공시대상인지 여부를 확인한다.
A66: 3. 보고기간말을 전후한 금융자산의 취득 및 처분과 환매조건부 처분에 의한 처분익 계상 등 결산조작의 가능성을 검토한다. | J66: E, CL
A67: 4. 특수관계자와의 거래의 경우, 금융상품의 취득 및 처분가액의 적정성을 확인한다. | J67: E, V
A68: 5.변동지분실체(VIE) 및 기타의 부의 투자자산을 식별한다. | J68: C, RO
A69: (1)경영진에게 질문을 하고 다른 감사절차의 결과를 고려하여, 특수목적기업(SPE)이 존재함을 의미하는 당해 기간의 거래를 식별한다.
A70: (2)계약서와 기타의 필요한 정보와 문서를 포함한 관련 서류를 경영진으로부터 입수하고, 해당 거래가 SPE로 간주되어야 하는지 여부를 검토한다.
A71: (3)SPE가 존재한다면, 경영진이 회계처리지침과 회계정책을 따라 해당거래를 올바르게 회계처리하였는지 검토한다.
A72: (4)문서화가 적합하고 완전한지 검토한다.
A73: 6. 투자일임계약자산 및 신탁업법에 의한 신탁상품의 회계처리의 적정성을 확인한다. | J73: V
A75: Part 3. 추가감사절차
A77: * 감사인이 상기 감사절차예시 이외의 추가절차를 수행할 경우, 아래에 해당 내용을 기재한다.
A79: 감사절차 | J79: 경영진주장 | K79: 조서번호

Sheet SAJ
A1: 실 증 절 차
A2: (SAJ. 종속기업 또는 관계기업, 공동기업)
A4: 회 사 명 : | C4: 0 | F4: 작 성 자 : | G4: =A!G4 -> 0 | I4: 일 자 :
A5: 결 산 일 : | C5: 0 | F5: 검 토 자 : | G5: =A!G5 -> 0 | I5: 일 자 :
A6: 경영진 주장 :
A7: A | B7: : 정확성(Accuracy) | D7: E | E7: : 실재성(Existence) | G7: RO | H7: : 권리와 의무(Rights and obligations)
A8: C | B8: : 완전성(Completeness) | D8: O | E8: : 발생사실(Occurrence) | G8: CL | H8: : 분류(Classification)
A9: CO | B9: : 기간귀속(Cutoff) | D9: V | E9: : 평가(Valuation) | G9: U | H9: : 이해가능성(Understandability)
A10: P | B10: : 표시(Presentation)
A11: ※ 업무요령 : 조서번호 2302 감사위험의 평가(경영진 주장 수준)에서 파악된 위험과 조서번호 3100 위험에 대한 대응에 기재된 실증절차에 맞게 실증절차를 수행한다.
A13: Part 1. 절차 예시
A14: 감 사 절 차 | J14: 경영진 주장 | K14: 조서번호
A15: 1. 종속기업 또는 관계기업, 공동기업 총괄표 작성
A16: (1) 회사가 보유한 종속기업 또는 관계기업, 공동기업에 대한 기초자료를 징구한다. | J16: E, C, CL
A17: (2) 총괄표를 작성한다. 당기와 전기의 잔액과 총계정원장 및 전기 보고서를 대사하고, 양년도간 특별한 변동사항은 그 원인을 규명한다.
A18: 2. 종속기업 또는 관계기업, 공동기업 명세서
A19: (1) 종속기업 또는 관계기업, 공동기업 명세서를 입수하여 금액을 계산검증하고 보조부와 대조 확인한다. | J19: C, V
A20: (2) 명세서를 스캔하여 유의적이거나 비경상적인 항목들을 검토한다.
A21: 3. 실재성 확인 및 중요한 증감의 검토 | J21: E, RO, O, C
A22: (1) 주주총회, 이사회 및 기타 지배기구회의의 의사록에 대한 검토 및 유의적인 계약의 발생사실 여부에 대한 인터뷰 결과를 고려한다.
A23: (2) 주식양수도 계약서 및 주권(또는 주권미발행확인서)을 징구하여 발생사실 및 실재성을 확인한다.
A24: (3) 당기의 중요한 처분건에 대해, 주식양수도 계약서 등 거래증빙을 대사하여 거래의 기간귀속, 발생사실, 처분손익 등을 확인한다.
A25: 4. 종속기업 또는 관계기업, 공동기업에 대한 측정의 적정성 검토 | J25: V
A26: (1) 별도재무제표상 종속기업 또는 관계기업, 공동기업이 K-IFRS 1027호에 따라 측정 되었는지 확인한다.
A27: 가. 공정가치법을 적용한 경우 : K-IFRS 1113호에 따라 측정되었는지 확인한다.
A28: 나. 원가법을 적용한 경우 : 취득대가 및 거래원가 등이 적절히 반영되어있는지 검토한다.
A29: 다. 지분법을 적용한 경우 :
A30: - 종속기업 또는 관계기업, 공동기업의 재무정보에 대한 충분하고 적합한 감사증거를 획득하고, 지분법회계처리가 적정한지 검토한다(연결재무제표에 대한 감사절차 참고).
A31: - 지분법적용회사에 대한 회계기준 및 회계정책이 일치 여부를 확인하고 불일치시 조정내역을 점검한다.
A32: 5. 손상차손 등 | J32: V
A33: (1) 손상징후 여부를 검토하고, 징후가 있는경우 손상평가를 수행한다.
A34: 6. 재무제표 공시사항(공시사항 점검표 참조) | J34: C, CL, U,P
A35: 7. 감사결론의 기술
A38: Part 2. 추가감사절차
A40: * 감사인이 상기 감사절차예시 이외의 추가절차를 수행할 경우, 아래에 해당 내용을 기재한다.
A42: 감사절차 | J42: 경영진주장 | K42: 조서번호

Sheet DER
A1: 실 증 절 차
A2: (DER. 파생상품)
A4: 회사명 | C4: =A!C4 -> 0 | F4: 작성자 | G4: =A!G4 -> 0 | I4: 일자
A5: 결산일 | C5: =A!C5 -> 0 | F5: 검토자 | G5: =A!G5 -> 0 | I5: 일자
A6: 경영진 주장 :
A7: A | B7: : 정확성(Accuracy) | D7: E | E7: : 실재성(Existence) | G7: RO | H7: : 권리와 의무(Rights and obligations)
A8: C | B8: : 완전성(Completeness) | D8: O | E8: : 발생사실(Occurrence) | G8: CL | H8: : 분류(Classification)
A9: CO | B9: : 기간귀속(Cutoff) | D9: V | E9: : 평가(Valuation) | G9: U | H9: : 이해가능성(Understandability)
A10: P | B10: : 표시(Presentation)
A11: ※ 업무요령 : 조서번호 2302 감사위험의 평가(경영진 주장 수준)에서 파악된 위험과 조서번호 3100 위험에 대한 대응에 기재된 실증절차에 맞게 실증절차를 수행한다.
A13: Part 1. 절차 예시
A14: 감사절차 | J14: 경영진 주장 | K14: 조서번호
A15: 1. 파생상품 총괄표 작성 | J15: E, C, CL
A16: 당기말잔액은 총계정원장과, 전기말잔액은 전기감사보고서와 각각 대조하고, 양년도간 특별한 변동사항은 그 원인을 규명한다.
A17: 2. 파생상품 명세 | J17: C, V
A18: 파생상품명세서를 입수하여 계산검증하고, 보조부와 대조 확인한다. 명세서는 다음과 같은 세부사항을 포함한다.
A19: ● 파생상품의 유형(스왑, 선물, 옵션 등) 및 기초상품(주식, 이자율, 환율, 상품 등)
A20: ● 파생상품의 계약조건 (계약단위수량, 통화, 매매일, 만기일, 거래상대방, 결제조항, 매도제한 등)
A21: ● 파생상품거래의 목적(매매목적 또는 위험회피목적)
A22: ● 위험회피회계의 적용 여부 및 위험회피대상, 관련 문서화 내용
A23: ● 공정가치
A24: 3. 파생상품 거래의 조회 | J24: E, RO
A25: 파생상품의 거래상대방(금융기관 등)에게 조회서를 발송하여 거래의 실재성 및 완전성을 확인하고, 거래조건의 정확성을 확인한다. 외부 조회에 대한 구체적인 절차는 Audit Guide 3320 외부조회를 참고한다.
A26: 4. 파생상품의 완전성 | J26: C
A27: 파생상품 관련 보조부, 이사회의사록, 금융기관조회서 등을 확인하여 회사제시 파생상품 거래내역의 완전성을 확인한다.
A28: 5. 파생상품의 후속측정 | J28: V
A29: (1) 활성시장의 공시가격으로 측정된 파생상품 - 공정가치가 보고기간말의 공시가격과 동일한지 검증한다.
A30: (2) 평가기법을 사용한 공정가치로 측정된 파생상품 - 활성시장에서 공시되는 거래가격이 없음을 확인하고, ‘공정가치 등 회계추정치에 대한 실증절차’를 수행한다. ‘전문가의 활용’을 고려한다.
A31: (3) 권리와 의무가 적절한 공정가치로 측정되어 자산, 부채로 계상되어 있는지 확인한다. 평가로 인한 손익이 당기손익으로 적절히 회계처리되었는지 확인한다. 단, 위험회피수단으로 지정된 파생상품의 경우, 위험회피유형별로 적절하게 회계처리되었는지 확인한다.
A32: (4) 매도 등에서 발생할 수 있는 거래원가가 공정가치에서 가감되지 않았는지 검증한다.
A33: 6. 파생상품의 표시 | J33: CL
A34: (1) 공정가치가 양(+)인 모든 파생상품이 유동자산으로 표시되었고 공정가치가 음(-)인 모든 파생상품(위험회피수단은 별도표시)은 유동부채로 표시되었는지 확인한다. 파생상품자산과 파생상품부채는 K-IFRS 1032에서 허용하는 경우를 제외하고는 상계되지 않았음을 확인한다.
A35: (2)파생상품관련 손익은 손익계산서에서 적절한 항목으로 포함되고 있는지 손익은 K-IFRS 1001 문단35에서 허용하는 경우를 제외하고는 상계되지 않았음을 확인한다.
A36: 7. 파생상품 손익의 재계산 | J36: A, C
A37: 회사가 작성한 분석에 기초하여 파생상품의 기초와 기말 잔액 간의 변동을 파생상품 관련된 손익 계정과 대사한다. (신규 파생상품과 당기 중에 만기가 도래하였거나 청산된 파생상품을 고려)
A38: 8. 재무제표 공시의 적정성 검토(공시사항점검표 참조) | J38: C, CL, U,P
A39: 9. 감사결론의 기술
A42: Part 2. 추가 고려 절차
A43: 감사절차 | J43: 경영진 주장 | K43: 조서번호
A44: 1. 내재파생상품의 식별과 인식 | J44: C, CL
A45: K-IFRS 1109호 문단 4.3.1~4.3.7에 따라 복합금융상품에 대하여 내재파생상품을 분리하여야 하는지 여부를 판단한다.
A46: 2. 위험회피회계의 적용에 대한 절차 | J46: A, C, CL
A47: K-IFRS 1109호 문단6.1.3에 따라, K-IFRS 1039호에 따른 위험회피회계 요구사항을 적용한 경우 아래의 절차가 아닌, K-IFRS 1039호에 따른 위험회피절차의 적절성을 검토하여야 함
A48: (1)위험회피관계는 K-IFRS 1109호에 제6장에 따라 적격한 위험회피수단과 적격한 위험회피대상항목으로만 구성되어 있는지 확인한다.
A49: (2) 위험회피문서가 개시시점 작성되었으며, 위험회피관계, 위험관리목적, 위험회피전략, 위험회피수단, 위험회피대상항목, 회피대상위험의 성격, 위험회피 효과성 평가방법 등을 포함하고 있는지 확인한다.
A50: (3)위험회피관계는 다음의 요구사항을 모두 충족하는지 확인한다.
A51: -위험회피대상항목과 위험회피수단 사이에 경제적 관계가 있다.
A52: -신용위험의 효과가 위험회피대상항목과 위험회피수단의 경제적 관계로 인한 가치 변동 보다 지배적이지 않다.
A53: -위험회피관계의 위험회피비율은 기업이 실제로 위험을 회피하는 위험회피대상항목의 수량과 위험회피대상항목의 수량의 위험을 회피하기 위해 기업이 실제 사용하는 위험회피수단의 수량의 비율과 같다.
A54: (4)위험회피관계가 위험회피비율과 관련된 위험회피 효과성의 요구사항을 더는 충족하지 못하지만 지정된 위험회피관계에 대한 위험관리의 목적이 동일하게 유지되는 경우, 위험회피관계가 다시 적용조건을 충족할 수 있도록 위험회피관계의 위험회피비율이 재조정되었는지 확인한다.
A55: (5) 위험회피관계가(위험회피관계의 재조정을 고려한 후에도)적용조건을 충족하지 않는지 평가하고, 해당하는 경우 전진적으로 위험회피회계를 적절하게 중단하였는지 검토한다.
A56: (6)회사와 거래상대방의 신용위험을 평가하여 파생상품의 측정시에 고려되었는지 확인한다.
A57: (7) 위험회피회계의 결과, 관련 위험회피대상 및 위험회피수단의 공정가치 변동이 회피 종류별(공정가치위험회피, 현금흐름위험회피, 순투자위험회피)로 K-IFRS 1109호에 따라 처리되었는지 확인한다.
A59: Part 3. 추가감사절차
A61: * 감사인이 상기 감사절차예시 이외의 추가절차를 수행할 경우, 아래에 해당 내용을 기재한다.
A63: 감사절차 | J63: 경영진주장 | K63: 조서번호

Sheet C
A1: 실 증 절 차
A2: (C. 매출채권(장단기))
A4: 회사명 | C4: =A!C4 -> 0 | F4: 작성자 | G4: =A!G4 -> 0 | I4: 일자
A5: 결산일 | C5: =A!C5 -> 0 | F5: 검토자 | G5: =A!G5 -> 0 | I5: 일자
A6: 경영진 주장 :
A7: A | B7: : 정확성(Accuracy) | D7: E | E7: : 실재성(Existence) | G7: RO | H7: : 권리와 의무(Rights and obligations)
A8: C | B8: : 완전성(Completeness) | D8: O | E8: : 발생사실(Occurrence) | G8: CL | H8: : 분류(Classification)
A9: CO | B9: : 기간귀속(Cutoff) | D9: V | E9: : 평가(Valuation) | G9: U | H9: : 이해가능성(Understandability)
A10: P | B10: : 표시(Presentation)
A11: ※ 업무요령 : 조서번호 2302 감사위험의 평가(경영진 주장 수준)에서 파악된 위험과 조서번호 3100 위험에 대한 대응에 기재된 실증절차에 맞게 실증절차를 수행한다.
A13: Part 1. 절차 예시
A14: 감사절차 | J14: 경영진 주장 | K14: 조서번호
A15: 1. 매출채권 총괄표 작성 | J15: E, C, CL
A16: 당기말잔액은 총계정원장과, 전기말잔액은 전기감사보고서와 각각 대조하고, 양년도간 특별한 변동사항은 그 원인을 규명한다.
A17: 2. 매출채권명세서 | J17: C, V
A18: (1) 거래처별 매출채권명세서를 입수하여 금액을 계산검증하고 보조부와 대조 확인한다.
A19: (2) 명세서를 스캔하여 유의적이거나 비경상적인 항목들을 검토한다.
A20: 3. 외상매출금 외부 조회 | J20: E, RO, V
A21: 외부 조회에 대한 구체적인 절차는 Audit Guide 3320 외부조회를 참고하고, 조회처 선정시 상세테스트의 방법은 Audit Guide 3300 감사증거 및 Audit Guide 3310 표본감사를 참고한다.
A22: 4. 매출채권 명세서를 검토하여 일반적 상거래 이외에서 발생된 채권의 포함여부를 조사하여 계정과목 재분류 여부를 결정하고, 장단기 구분의 적정성을 검토한다. | J22: V, CL
A23: 5. 매출채권의 회수가능성 및 대손충당금의 적정성 | J23: V, A
A24: (1) 거래처별로 연령분석표를 입수하여 검토한다.
A25: (2) 회수기간분석등 분석적검토를 실시한다.
A26: (3) 매출채권 회전율과 회수기일을 검토한다.
A27: (4) 매출채권의 회수가능성에 대하여 경영자와 토의한다.
A28: (5) 담보가 있는 경우 실재성, 소유권, 시가를 검증한다.
A29: (6) 합리적이고 객관적인 대손추계액 산정기준(개별적방법 또는 과거의 대손경험율에 의한 방법 등)에 의하여 대손충당금이 설정되어 있는지 확인하고, 당기의 대손상각 및 대손충당금 비율을 전기의 비율과 비교한다.
A30: 6. 보고기간종료일을 전후한 제품인도 및 용역제공이 해당기간에 적절히 반영되었는지를 검토한다. | J30: RO, V
A31: 7. 외화표시 매출채권의 환산내용을 검토한다. | J31: V, A
A32: 8. 특수관계자와의 거래 | J32: E, CL
A33: 특수관계자와의 거래에 대한 구체적인 절차는 Audit Guide 3500 특수관계자 거래를 참고한다.
A34: 9. 재무제표 공시사항 검토(공시사항점검표 참조) | J34: C, CL, U, P
A35: 10. 감사결론의 기술
A37: Part 2. 추가 고려 절차
A38: 감사절차 | J38: 경영진 주장 | K38: 조서번호
A39: 1. 받을어음의 실사 | J39: E, RO
A40: 보관중인 받을어음은 실사하고 타처보관중인 받을어음은 보관자에게 직접조회하거나 결산일후의 회수 상황을 확인한다.
A41: 2. 할인, 양도 및 담보제공 여부에 대한 검토 | J41: RO, CL
A42: (1) 매출채권중 할인했거나, 배서양도, 팩토링 및 담보제공한 금액에 대해서는 그 명세를 얻어서 K-IFRS 1109호상 제거조건을 충족하는지 검토하고 필요한 경우에는 조회서 등을 통하여 거래사실을 확인한다.
A43: (2) K-IFRS 1109호 상 제거요건을 충족하지 못하는 양도거래의 경우, 관련 자산 및 부채가 적절하게 계상되었는지 확인한다.
A44: (3) 기말현재 배서양도, 할인어음중 만기미도래분에 대한 금액을 파악하여 우발부채 공시의 필요성을 검토한다.
A45: 3. 현재가치에 의한 평가의 적정성 | J45: V, A
A46: 매출채권중 현재가치에 의한 평가사항이 있는 경우 동 평가액과 동 할인차금의 계산이 적정한지 검증하고, 관련손익계정에 반영되었는지 확인한다.
A47: 4. 채권조정의 적정성 | J47: V
A48: 매출채권중 채권조정이 있는 경우 그 회계처리의 적정성을 검토한다.
A49: 5. 관세환급(수입부과금환급금, 개별소비세 등) 미수금의 검토 | J49: E, V
A50: (1) 전기와 비교하여 물량 및 단가에 중요한 변화 있는지 확인
A51: (2) 관세환급 등 미수금 설정내역을 입수하여 미수금이 합리적으로 설정되었는지 검토
A52: (3) 기중에 입금된 관세환급금등 내역을 입수하여 미수금 기설정금액과 차이가 있는지 검토
A53: 6. 장기성 채권의 이자수익 검토 | J53: A, C
A54: 장기성채권, 장기대여금, 장기금융상품 등의 평균이자율과 평균적수를 곱하여 이자수익의 합리성에 대한 Overall test를 수행한다.
A55: 7. 계약자산과 수취채권의 구분 | J55: A, C
A56: 매출채권을 대가를 받을 무조건적 권리 유무에 따라 수취채권과 계약자산으로 구분하여 표시하였는지 검토한다.
A58: Part 3. 추가감사절차
A60: * 감사인이 상기 감사절차예시 이외의 추가절차를 수행할 경우, 아래에 해당 내용을 기재한다.
A62: 감사절차 | J62: 경영진주장 | K62: 조서번호

Sheet DL
A1: 실 증 절 차
A2: (DL.리스(KIFRS 1116호))
A4: 회 사 명 : | C4: 0 | F4: 작 성 자 : | G4: =A!G4 -> 0 | I4: 일 자 :
A5: 결 산 일 : | C5: 0 | F5: 검 토 자 : | G5: =A!G5 -> 0 | I5: 일 자 :
A6: 경영진 주장 :
A7: A | B7: : 정확성(Accuracy) | D7: E | E7: : 실재성(Existence) | G7: RO | H7: : 권리와 의무(Rights and obligations)
A8: C | B8: : 완전성(Completeness) | D8: O | E8: : 발생사실(Occurrence) | G8: CL | H8: : 분류(Classification)
A9: CO | B9: : 기간귀속(Cutoff) | D9: V | E9: : 평가(Valuation) | G9: U | H9: : 이해가능성(Understandability)
A10: P | B10: : 표시(Presentation)
A11: ※ 업무요령 : 조서번호 2302 감사위험의 평가(경영진 주장 수준)에서 파악된 위험과 조서번호 3100 위험에 대한 대응에 기재된 실증절차에 맞게 실증절차를 수행한다.
A13: Part 1. 절차 예시
A14: 감 사 절 차 | J14: 경영진 주장 | K14: 조서번호
A15: 1. 사용권자산과 리스부채 총괄표작성 및 증감표(명세서) 입수 | J15: E, C
A16: (1) 당기말잔액은 총계정원장과, 전기말잔액은 전기감사보고서와 각각 대조하고, 양년도간 특별한 변동사항은 그 원인을 규명한다.
A17: (2) 계약의 약정 시점에 계약 자체가 리스인지, 계약이 리스를 포함하는지 판단하는 경영진의 프로세스를 이해함. 또한 하나의 리스요소와, 하나이상의 추가 리스요소나 비리스요소를 포함하는 계약에서 경영진이 계약대가를 각 요소에 배분하는 방법을 이해한다.
A18: (3) 주요 계약조건이 기술되어있는 새로운 리스계약(별도 리스로 회계처리한 리스변경 포함)의 명세서를 입수, 명세서 금액을 계산검증하고 보조부와 대조 확인한다. 또 명세서를 스캔하여 유의적이거나 비경상적인 항목들을 검토한다.
A19: (4) 유의적인 계약과 약정에 대해 이해한 내용 및 주주총회 및 이사회의사록의 검토결과를 고려, 이전에 운용리스료를 인식하는데 사용했던 계정에 포함된 거래를 검토하여 리스계약(별도 리스로 회계처리한 리스변경 포함) 의 완전성을 확인한다.
A20: 2. 최초 인식 및 측정
A21: (1) 기존 계약중 중요한 리스계약 또는 새로운 리스를 테스트하여, 동 리스식별 및 리스기간의 결정, 인식 및 측정이 적절한지 검토한다
A22: 가. 리스기간 : 리스개시일 및 해지불능기간, 연장선택권 및 종료선택권의 대상기간 및 선택권 보유자에 대한 세부내역을 확인
A23: 나. 사용권자산 : 명세서상 인식된 총 사용권자산 금액 및 리스부채이외의 원가요소의 성격과 금액을 검토
A24: 다. 리스부채 - 총 고정리스료 및 변동리스료, 잔존가치보증에 따라 리스이용자가 지급할 것으로 예상되는 금 액 검토
A25: - 매수선택권을 행사할것이 상당히 확실한경우, 그 매수선택권의 행사가격 리스종료시 부담할 금액 그리고 사용된 할인율검토(내재이자율, 회사의 증분차입이자율, 현재가치 이자율)
A26: 라. 리스식별을 위한 여러 구성요소 검토 - 동시에 또는 가까운 시기에 체결한 계약들이 단일 계약으로 회계처리하기 위한 기준을 충족하였는 가?
A27: - 계약이 동일한 리스제공자와 동시에 또는 가까운 다른 시기에 다른계약으로 체결되었는가?
... A40: (3) 사용권자산에 대한 감사절차는 'F. 투자부동산 및 G. 유형자산 실증절차지시서 또는 H. 무형자산 실증절차지시서”에 기재된 감사절차를 준용하여 실시한다.
A41: 4. 재무제표 공시사항(공시사항 점검표 참조) | J41: C, CL, U,P
A42: 5. 감사결론의 기술
A45: Part 2. 추가감사절차
A47: * 감사인이 상기 감사절차예시 이외의 추가절차를 수행할 경우, 아래에 해당 내용을 기재한다.
A49: 감사절차 | J49: 경영진주장 | K49: 조서번호

Sheet D
A1: 실 증 절 차
A2: (D. 기타유동자산)
A4: 회사명 | C4: =A!C4 -> 0 | F4: 작성자 | G4: =A!G4 -> 0 | I4: 일자
A5: 결산일 | C5: =A!C5 -> 0 | F5: 검토자 | G5: =A!G5 -> 0 | I5: 일자
A6: 경영진 주장 :
A7: A | B7: : 정확성(Accuracy) | D7: E | E7: : 실재성(Existence) | G7: RO | H7: : 권리와 의무(Rights and obligations)
A8: C | B8: : 완전성(Completeness) | D8: O | E8: : 발생사실(Occurrence) | G8: CL | H8: : 분류(Classification)
A9: CO | B9: : 기간귀속(Cutoff) | D9: V | E9: : 평가(Valuation) | G9: U | H9: : 이해가능성(Understandability)
A10: P | B10: : 표시(Presentation)
A11: ※ 업무요령 : 조서번호 2302 감사위험의 평가(경영진 주장 수준)에서 파악된 위험과 조서번호 3100 위험에 대한 대응에 기재된 실증절차에 맞게 실증절차를 수행한다.
A13: Part 1. 절차 예시
A14: 감사절차 | J14: 경영진 주장 | K14: 조서번호
A15: 1. 기타유동자산 총괄표 작성 | J15: E, C, CL
A16: 당기말잔액은 총계정원장과, 전기말잔액은 전기감사보고서와 각각 대조하고, 양년도간 특별한 변동사항은 그 원인을 규명한다.
A17: 2. 기타유동자산 명세서 | J17: C, V
A18: 기타 유동자산 각 계정별 명세서를 입수하여 금액의 계산검증 및 보조부와 대조 확인한다.
A19: 3. 기타유동자산 외부조회 | J19: A, E, C, RO
A20: 주요 거래처에 대한 자산이 중요할 경우 외부 확인을 수행하며 외부 확인에 대한 구체적인 절차는 Audit Guide 3320 외부조회를 참고한다.
A21: 4. 중요한 항목 및 금액에 대하여 관련증빙을 대조확인한다. | J21: A, E, V
A22: 기타 유동자산 중 주요금액에 대하여는 관련 증빙서류와 대조하여 거래발생 및 금액의 타당성을 확인한다. 상세테스트의 방법은 Audit Guide 3300 감사증거 및 Audit Guide 3310 표본감사를 참고한다.
A23: 5. 기간계산에 의하여 인식되는 중요한 항목에 대하여는 기간계산의 적정성을 검증한다. | J23: C, CO
A24: 6. 회수가능성 및 대손충당금의 적정성 | J24: V
A25: 회수불능채권의 대손처리여부를 확인하고, 대손충당금의 설정이 적정한지의 여부와 전년과 동일한 기준의 적용여부를 검토한다.
A26: 7. 외화표시 자산의 환산내용을 검토한다. | J26: V, CL
A27: 8. 특수관계자와의 거래 | J27: E, CL
A28: 특수관계자와의 거래에 대한 구체적인 절차는 Audit Guide 3500 특수관계자 거래를 참고한다.
A29: 9. 재무제표 공시사항 검토(공시사항점검표 참조) | J29: C, CL U, P
A30: 10. 감사결론의 기술
A31: Part 2. 추가 고려 절차
A32: 감사절차 | J32: 경영진 주장 | K32: 조서번호
A33: 1. 선급비용 등에 대한 기간계산의 적정성 검증시에는 다음 사항을 고려한다. | J33: C, CO
A34: (1) 선급비용 등에 대한 계산시, 보험계약, 임대차계약 등 기간계산에 필요한 계약이 누락없이 포함되어 있는지 확인함.
A35: (2) 유의한 조정 항목이 존재하는 경우, 차이 조정에 대한 조사 결과는 적절한 담당자의 검토와 승인을 받았는지 여부를 확인하고, 중요성을 고려하여 중요 조정항목을 관련증빙과 대조확인함.
A36: (3) 선급비용 명세서를 스캔하고 유의적이거나 비경상적인 항목 또는 1년 이상 조정표 상에 남아있는 항목에 대해서 조사함.
A37: 2. 선물 등 파생상품거래유무 | J37: V, CL
A38: 선물 등의 거래유무를 확인하고 그 계약이나 매매에 의하여 발생된 자산, 부채의 처리내용과 동 거래로 인한 손익의 인식이나 처리가 적정한지를 ‘파생상품’과 연계하여 검토한다.
A39: 3. 각종 보험관련거래의 적정성 검토 | J39: E, RO
A40: 피감사회사로부터 보험가입현황을 입수하고, 동 내역의 적정성을 확인하기 위하여 보험증서 등의 증빙을 검토하거나 필요한 경우 외부조회를 실시한다.
A41: 4. 경영진측 및 감사인측 전문가 수행 업무의 평가 | J41: A, E, C,
A42: 감사증거로 사용될 정보가 경영진측 전문가가 수행한 업무의 도움으로 작성되거나 감사과정에서 감사인측 전문가가 수행한 업무를 활용하는 경우 Audit Guide 2131 전문가의 활용을 참조하여 평가한다. | J42: O, V
A44: Part 3. 추가감사절차
A46: * 감사인이 상기 감사절차예시 이외의 추가절차를 수행할 경우, 아래에 해당 내용을 기재한다.
A48: 감사절차 | J48: 경영진주장 | K48: 조서번호

Sheet E
A1: 실 증 절 차
A2: (E. 재고자산)
A4: 회사명 | C4: =A!C4 -> 0 | F4: 작성자 | G4: =A!G4 -> 0 | I4: 일자
A5: 결산일 | C5: =A!C5 -> 0 | F5: 검토자 | G5: =A!G5 -> 0 | I5: 일자
A6: 경영진 주장 :
A7: A | B7: : 정확성(Accuracy) | D7: E | E7: : 실재성(Existence) | G7: RO | H7: : 권리와 의무(Rights and obligations)
A8: C | B8: : 완전성(Completeness) | D8: O | E8: : 발생사실(Occurrence) | G8: CL | H8: : 분류(Classification)
A9: CO | B9: : 기간귀속(Cutoff) | D9: V | E9: : 평가(Valuation) | G9: U | H9: : 이해가능성(Understandability)
A10: P | B10: : 표시(Presentation)
A11: ※ 업무요령 : 조서번호 2302 감사위험의 평가(경영진 주장 수준)에서 파악된 위험과 조서번호 3100 위험에 대한 대응에 기재된 실증절차에 맞게 실증절차를 수행한다.
A13: Part 1. 절차 예시
A14: 감사절차 | J14: 경영진 주장 | K14: 조서번호
A15: 1. 재고자산 총괄표의 작성 | J15: E, C, CL
A16: 당기말잔액은 총계정원장과, 전기말잔액은 전기감사보고서와 각각 대조하고, 양년도간 특별한 변동사항은 그 원인을 규명한다.
A17: 2. 재고자산수불부 검증 | J17: C, V
A18: (1) 재고자산수불부를 계산검증한다.
A19: (2) 재고자산수불부의 입출고와 재무상태표, 손익계산서, 제조원가명세서의 관련 계정과 연결한다.
A20: 3. 재고자산 실사 입회 추가 절차 | J20: E, RO, V
A21: (1) 재고자산 실사입회절차는 조서번호 E100. 재고자산실사입회를 참조한다.
A22: (2) 재고실사입회시 입수한 재고자산집계표와 재고자산수불부의 재고자산 수량을 연결한다. 상세테스트의 방법은 Audit Guide 3300 감사증거 및 Audit Guide 3310 표본감사를 참고한다.
A23: 4. 분석적 검토 | J23: E, C
A24: (1) 매출액 또는 총자산 대비 재고자산비율의 분석
A25: (2) 재고자산증감율의 분석
A26: (3) 매출수량, 생산수량, 매출원가에 대한 재고자산회전율의 분석
A27: 5. 재고자산의 단가 | J27: V, A
A28: (1) 외부로부터 구입한 재고의 단가일 경우, 재고수불부상의 단가를 구입증빙과 대사하고, 원가계산에 의해 산출된 단가일 경우 계산 검증한다.
A29: (2) 품목별 단위당 원가를 전기의 단가와 비교하고 중요한 변화가 있거나 비정상적인 재고단가변동에 대하여 조사한다.
A30: 6. 재고자산의 평가 | J30: V
A31: (1) 파손품, 진부화품, 장기체화재고 및 잉여재고에 대한 향후 판매계획, 생산계획을 확인하여 재고자산평가손실의 적절성을 검토한다.
A32: (2) 재고자산의 순실현가능가액에 대한 타당성을 검토하고, 장부금액이 순실현가능가액을 초과하는 경우 재고자산평가손실이 적절하게 반영되었는지 검토한다.
A33: 7. 재고자산 Cut-off | J33: CO
A34: (1) 결산일 전후 일정기간의 출고증, 판매지시서, 출하일보 및 입고증, 주문서, 검수보고서를 매입보조부와 대조 확인하여 Cut off test한다. 상세테스트의 방법은 Audit Guide 3300 감사증거 및 Audit Guide 3310 표본감사를 참고한다.
A35: 8. 특수관계자와의 거래 | J35: E, CL
A36: (1) 관계회사 등 특수관계인과의 거래유무를 파악하고 거래가격의 타당성(부당한 고가 또는 저가)을 파악한다.
A37: (2) 특수관계자와의 거래에 대한 구체적인 절차는 Audit Guide 3500 특수관계자 거래를 참고한다.
A38: 9. 미착품 명세에 미착부대비용이 적절히 계상되었는지 여부를 확인한다. | J38: RO, C
A39: 10. 담보제공 혹은 양도담보로 제공된 재고자산의 유무를 확인한다. | J39: RO
A40: 11. 재무제표 공시사항 검토(공시사항점검표 참조) | J40: C, CL U, P
A41: 12. 감사결론의 기술
A44: Part 2. 추가 고려 절차
A45: 감사절차 | J45: 경영진 주장 | K45: 조서번호
A46: 1. 재고자산의 장부수량과 실제수량과의 차이에서 발생하는 감모손실이 적절하게 회계처리되었는지 검토한다. | J46: V, A
A47: 2. 피감사회사가 표준원가계산방법을 적용하고 있는 경우 아래의 사항들을 검토한다. | J47: V
A48: -표준원가와 실제원가의 중요한 차이가 발생하는 계정에 대하여 조사한다. 이러한 차이를 매출원가 재고자산에 배분하는데 대한 합리성을 검토한다.
A49: - 고정제조간접원가를 배부하는 회사의 정상조업도여부 및 정상조업도가 매기 일관성 있게 적용되고 있는지 원가배부기준에 대한 적정성을 검토한다.
A50: - 배부되지 않은 고정제조간접원가(조업도손실 등)가 기간 비용(매출원가)으로 인식되었는지 확인한다.
A51: 3. 원재료에서 재공품으로, 재공품에서 제품으로의 대체의 적정성을 검토 (출고일보, 생산일보 등을 상호대조) | J51: E
A52: 4. 본지점등의 내부거래가 있을 경우 내부이익의 계산방법을 파악하고 내부이익의 제거여부를 확인한다. | J52: E, CL
A53: 5. 장래의 매입계약, 혹은 판매계약 중에 계약이행에 의한 손실이 발생할 우려가 있는 것이 포함되어 있지 않은가를 검토한다. | J53: RO, V
A54: 6. 재고자산 분류 가 재고자산 정의를 충족하는지 아니면 다른 자산으로 계정분류가 되어야 하는 자산이 포함되어 있는지 하기를 확인한다. - 생산이나 용역제공에 사용될 원재료나 소모품
A55: -통상 영업과정에서 판매를 위하여 보유중인 자산(완제품)
A56: -통상 영업과정에서 판매를 위하여 생산중인 자산(재공품)
A58: Part 3. 추가감사절차
A60: * 감사인이 상기 감사절차예시 이외의 추가절차를 수행할 경우, 아래에 해당 내용을 기재한다.
A62: 감사절차 | J62: 경영진주장 | K62: 조서번호

Sheet E100
A1: 실 증 절 차
A2: (E100. 재고자산실사입회)
A4: 회사명 | C4: =A!C4 -> 0 | F4: 작성자 | G4: =A!G4 -> 0 | I4: 일자
A5: 결산일 | C5: =A!C5 -> 0 | F5: 검토자 | G5: =A!G5 -> 0 | I5: 일자
A6: 경영진 주장 :
A7: A | B7: : 정확성(Accuracy) | D7: E | E7: : 실재성(Existence) | G7: RO | H7: : 권리와 의무(Rights and obligations)
A8: C | B8: : 완전성(Completeness) | D8: O | E8: : 발생사실(Occurrence) | G8: CL | H8: : 분류(Classification)
A9: CO | B9: : 기간귀속(Cutoff) | D9: V | E9: : 평가(Valuation) | G9: U | H9: : 이해가능성(Understandability)
A10: P | B10: : 표시(Presentation)
A11: ※ 업무요령 : 조서번호 2302 감사위험의 평가(경영진 주장 수준)에서 파악된 위험과 조서번호 3100 위험에 대한 대응에 기재된 실증절차에 맞게 실증절차를 수행한다.
A13: Part 1. 절차 예시
A14: 감사절차 | J14: 경영진 주장 | K14: 조서번호
A15: 1. 구체적인 재고자산 실사입회절차는 Audit Guide 3301 감사증거-특정항목에 대한 구체적인 고려사항를 참조한다. | J15: E, V
A16: 2. 실행불가능한 경우를 제외하고, 회사의 재고실사 계획을 입수하고, 재고실사에 입회하여 다음 절차를 수행한다. | J16: E, V
A17: (1) 재고자산 실사의 결과를 기록하고 통제하기 위한 경영진의 지시와 절차를 평가한다.
A18: (2) 실사 전후 및 실사 중 재고자산의 이동에 대한 통제와 관련된 절차 등 경영진이 수행하는 실사절차에 대해 관찰한다.
A19: (3) 재고자산 실사 입회시 재고자산의 실재성을 확인하고 진부화되었거나 손상된, 또는 장기 보유 중인 재고자산을 식별하기 위하여 재고자산에 대하여 조사한다.
A20: (4) 테스트 실사시 경영진의 실사기록에서 선정된 항목을 실제의 재고로 추적하거나 실제의 재고에서 선정된 항목을 경영진의 실사기록으로 추적한다.
A21: 3. 재고자산의 최종 기록이 재고자산 실사의 결과를 정확하게 반영하고 있는지 여부를 결정하기 위해 재고자산의 최종 기록에 대한 다음의 감사절차를 수행한다. | J21: E
A22: (1) 감사인의 테스트 실사의 결과를 기록한다.
A23: (2) 경영진의 최종 실사기록 사본을 입수한다.
A24: 4. 재무제표일 외의 일자에 수행된 재고자산 실사 | J24: E
A25: (1) 재고자산 실사가 재무제표일이 아닌 일자에 수행될 경우, 실사일과 재무제표일 사이의 재고자산 변동이 정확하게 기록되었는지 확인한다.
A26: (2) 감사인이 예상하지 못한 상황으로 재고자산 실사에 입회할 수 없는 경우, 감사인은 다른 일자를 정하여 재고자산을 실사하거나 실사에 입회하여야 하며, 기업의 재고자산 실사일과 감사인의 실사 입회일 사이의 거래에 대한 감사절차를 수행하여야 한다.
A27: 5. 재고자산 실사의 입회가 실행가능하지 않는 경우 재고자산의 실사 이전에 취득하거나 매입한 특정의 재고자산 항목에 대해 이후의 매출과 관련된 서류를 조사하는 것과 같은 대체적인 감사절차를 수행하며, 대체적인 절차가 가능하지 않은 경우 감사의견을 변형한다. | J27: E
A28: 6. 제 3자가 보관, 통제하고 있는 재고자산이 재무제표에 중요한 경우 당해 제3자에게 외부확인을 요청하거나, 해당 상황에 적합한 조사 또는 기타의 감사절차를 수행한다. 외부 조회에 대한 구체적인 절차는 Audit Guide 3320 외부조회를 참고한다. | J28: E
A30: Part 2. 추가 고려 절차
A31: 감사절차 | J31: 감사목적 | K31: 조서번호
A32: 1. 다음의 경우에는 합리적 확신을 얻을 수 있을 때까지 표본규모를 확대하여 시사를 실시하거나 회사담당자로 하여금 재고실사를 다시 수행하도록 요구한 후 감사인의 시사를 재실시할 것을 고려하여야 한다. | J32: E
A33: (1) 재고자산수량의 적정성에 대한 합리적 확신을 얻을 수 없을 정도로 중요한 예외사항이 발견된 경우
A34: (2) 예외사항이 지나치게 많아서 재고실사의 전반적인 신뢰성에 대하여 합리적 확신을 얻을 수 없는 경우
A35: 2. 입회에 참여한 감사인은 재고실사입회에 대한 방법, 범위, 결과와 기말감사시 유의할 점 등을 기술한다. | J35: E
A36: 3. 유상사급 또는 무상사급거래 유무를 확인하고 동 거래와 관련된 재고를 회사가 보유하고 있는 경우 이에 대한 실사 시 회사가 재고자산에 대해 통제를 획득하였는지 여부를 판단하기 위해 관련 증빙(예: 구매계약서나 매입장 검토 등)을 확인하는 등 추가적인 감사절차 수행을 고려한다. | J36: O,E
A38: Part 3. 추가감사절차
A40: * 감사인이 상기 감사절차예시 이외의 추가절차를 수행할 경우, 아래에 해당 내용을 기재한다.
A42: 감사절차 | J42: 경영진주장 | K42: 조서번호

Sheet F
A1: 실 증 절 차
A2: (F. 투자부동산)
A4: 회사명 | C4: =A!C4 -> 0 | F4: 작성자 | G4: =A!G4 -> 0 | I4: 일자
A5: 결산일 | C5: =A!C5 -> 0 | F5: 검토자 | G5: =A!G5 -> 0 | I5: 일자
A6: 경영진 주장 :
A7: A | B7: : 정확성(Accuracy) | D7: E | E7: : 실재성(Existence) | G7: RO | H7: : 권리와 의무(Rights and obligations)
A8: C | B8: : 완전성(Completeness) | D8: O | E8: : 발생사실(Occurrence) | G8: CL | H8: : 분류(Classification)
A9: CO | B9: : 기간귀속(Cutoff) | D9: V | E9: : 평가(Valuation) | G9: U | H9: : 이해가능성(Understandability)
A10: P | B10: : 표시(Presentation)
A11: ※ 업무요령 : 조서번호 2302 감사위험의 평가(경영진 주장 수준)에서 파악된 위험과 조서번호 3100 위험에 대한 대응에 기재된 실증절차에 맞게 실증절차를 수행한다.
A13: Part 1. 절차 예시
A14: 감사절차 | J14: 경영진 주장 | K14: 조서번호
A15: 1. 투자부동산 총괄표의 작성(사용권자산 포함) | J15: E, C, CL
A16: 당기말 잔액은 총계정원장과 전기말잔액은 전기감사보고서와 각각 대조하고 양년도간에 특별한 변동사항이 있는 경우에는 그 원인을 규명한다.
A17: 2. 투자부동산산명세서 | J17: C, V
A18: 투자부동산산명세서를 입수하여 금액을 계산검증하고 잔액이 보조부와 일치하는지를 확인한다.
A19: 3.실재성확인 | J19: E, RO
A20: (1)중요한 항목은 직접 등기부등본 등을 확인하여 해당조서와 연결하며, 주주총회의사록, 이사회의사록, 보험계약서 등을 검토하여 이 계정으로 분류된 자산의 실재성을 검토하고 유치권, 저당권 및 담보제공의 존재여부를 검토한다.
A21: 4.투자부동산과 관련하여 발생한 임대수익, 처분손익등 관련손익계정이 적정하게 계상되었는가 확인한다. | J21: C, V, A
A22: 5.투자부동산에 대한 회계정책 이해와 평가 | J22: V, A
A23: 투자부동산에 대하여 원가모형을 적용하는지, 공정가치모형을 적용하는지 검토한다.
A24: 6.공정가치모형과 원가모형에 의한 평가의 적정성
A25: (1)공정가치 계산내역과 근거가 되는 기초자료를 검토하고 경영진에게 질문한다.
A26: (2)외부평가에 의해 공정가치를 측정하였다면 평가 대상 투자부동산의 소재 지역에서 최근에 유사한 부동산을 평가한 경험이 있고 전문적 자격이 있는 독립된 평가인의 가치평가에 기초하여 공정가치를 산정하였는지 검토한다.
A27: (3)공정가치를 신뢰성 있게 측정할 수 없어 원가모형이 적용되는 경우 측정의 신뢰성에 대하여 검토한다.
A28: (4)공정가치 평가에 대한 상세절차는 조서번호 EST 공정가치 등 회계추정치를 참조하고, 감사증거로 사용될 정보가 경영진측 전문가가 수행한 업무의 도움으로 작성되거나 감사과정에서 감사인측 전문가가 수행한 업무를 활용하는 경우 Audit Guide 2131 전문가의 활용을 참조하여 평가한다.
A29: 7. 재무제표 공시사항 검토(공시사항점검표 참조) | J29: C, CL, U, P
A30: 8. 감사결론의 기술
A33: Part 2. 추가 고려 절차
A34: 감사절차 | J34: 경영진 주장 | K34: 조서번호
A35: 1. 당기중 중요한 증감내용에 대해 계약서, 등기부등본 등 소유권 관련 문서 확인하고, 투자부동산 계정분류의 적정성 여부를 검토한다.
A36: 2. 유형자산 명세서 상의 부동산 중 임대수익 이나 시세차익을 얻기 위하여 보유하고 있는 부동산이 존재하는지 질문하고, 임대수익 등의 원장을 검토하여 유형자산 명세상의 부동산 중 임대수익 등과 관련된 부동산이 포함되어 있는지 확인한다. | J36: E,CL
A37: -해당 자산이 있는 경우 유형자산이 아닌 투자부동산으로 분류가 되어야 하는지 검토
A38: -해당 자산이 매각예정비유동자산인지 여부를 확인한다
A39: 3. 취득원가에 포함된 취득부대비용 등이 적절한지 확인한다. 취득 및 처분가격이 적정한가를 확인하여 손익계정과 연결한다. | J39: V
A40: 4. 투자부동산으로/에서 대체한 경우 사유가 적정한지, 대체시점의 회계처리가 적절한지 검토한다. | J40: CL
A42: Part 3. 추가감사절차
A44: * 감사인이 상기 감사절차예시 이외의 추가절차를 수행할 경우, 아래에 해당 내용을 기재한다.
A46: 감사절차 | J46: 경영진주장 | K46: 조서번호

Sheet G
A1: 실 증 절 차
A2: (G. 유형자산)
A4: 회사명 | C4: =A!C4 -> 0 | F4: 작성자 | G4: =A!G4 -> 0 | I4: 일자
A5: 결산일 | C5: =A!C5 -> 0 | F5: 검토자 | G5: =A!G5 -> 0 | I5: 일자
A6: 경영진 주장 :
A7: A | B7: : 정확성(Accuracy) | D7: E | E7: : 실재성(Existence) | G7: RO | H7: : 권리와 의무(Rights and obligations)
A8: C | B8: : 완전성(Completeness) | D8: O | E8: : 발생사실(Occurrence) | G8: CL | H8: : 분류(Classification)
A9: CO | B9: : 기간귀속(Cutoff) | D9: V | E9: : 평가(Valuation) | G9: U | H9: : 이해가능성(Understandability)
A10: P | B10: : 표시(Presentation)
A11: ※ 업무요령 : 조서번호 2302 감사위험의 평가(경영진 주장 수준)에서 파악된 위험과 조서번호 3100 위험에 대한 대응에 기재된 실증절차에 맞게 실증절차를 수행한다.
A13: Part 1. 절차 예시
A14: 감사절차 | J14: 경영진 주장 | K14: 조서번호
A15: 1. 유형자산(사용권자산을 유형자산으로 표시하는 경우 사용권자산 포함)총괄표 작성 | J15: E, C, CL
A16: 유형자산(사용권자산을 유형자산으로 표시하는 경우 사용권자산 포함) 장부가액의 변동내용을 나타내는 요약표를 입수하여 분석하고, 당기말 잔액은 총계정원장과 전기말잔액은 전기감사보고서와 각각 대조하고, 양년도간에 특별한 변동사항이 있는 경우에는 그 원인을 규명한다.
A17: 2. 유형자산명세서 | J17: C, V
A18: 유형자산명세서를 입수하여 명세서의 내용을 계산검증하고 유형자산대장등의 보조부와 대조확인한다.
A19: 3. 권리증서(등기부등본, 등록원부 등)를 획득하여 유형자산의 실재성과 소유권 및 담보제공 등의 소유권제한여부를 확인한다. | J19: E, RO
A20: 4. 유형자산처분명세서를 제시받아 처분가격 등의 적정성을 검토하고 처분손익 등 관련손익계정과 연결 | J20: A
A21: 5. 재평가모형으로 측정
A22: (1) 유형자산은 원가모형이나 재평가모형중 하나를 회계정책으로 선택하여 유형자산 분류별로 동일하게 적용하였는지 검토한다. | J22: V, A, C, CL
A23: (2) 최초 인식후에 공정가액을 신뢰성 있게 측정할 수 있는 유형자산은 재평가일의 공정가액에서 이후의 감가상각누계액과 손상차손누계액을 차감한 재평가금액을 장부가액으로 하였는지 검토한다.
A24: (3) 공정가액이 감정에 의해 결정된 경우, 감정이 전문적 자격이 있는 평가인에 의해 이루어졌는지 검토한다.
A25: (4) 재평가된 자산의 공정가액이 장부가액과 중요하게 차이가 나는 경우 재평가를 하였는지 검토한다.
A26: (5) 특정유형자산을 재평가할 때 해당자산이 포함되는 유형자산분류 전체를 재평가 하였는지 검토한다.
A27: (6) 유형자산의 장부가액이 재평가로 인하여 증가된 경우에 그 증가액은 기타포괄손익으로 인식하였는지 검토한다.
A28: (7) 유형자산의 재평가와 관련하여 인식한 기타포괄손익의 잔액이 있다면 그 유형자산을 폐기하거나 처분할 때 재분류조정이 제대로 이루어졌는지 검토한다.
A29: (8) 공정가치 평가에 대한 상세절차는 조서번호 EST 공정가치 등 회계추정치를 참조하고, 감사증거로 사용될 정보가 경영진측 전문가가 수행한 업무의 도움으로 작성되거나 감사과정에서 감사인측 전문가가 수행한 업무를 활용하는 경우 Audit Guide 2131 전문가의 활용을 참조하여 평가한다.
A30: 6. 건설중인 자산의 회계처리의 적정성 및 다음사항을 검토 | J30: A,V
A31: (1) 건설중인 자산에 대한 당기 지출액
A32: (2) 유형자산을 취득하기 위한 약정액
A33: (3) 건설중인 자산의 대체가 적절하게 회계처리 되었는지 검토
A34: (4) 차입원가 자본화 회계처리가 적절하게 이루어졌는지 다음사항을 검토 -적격자산여부, 자본화 대상기간, 자본화가능차입원가 산정(지출액적수, 이자율)
A35: 7. 손상차손 등 | J35: V, A
A36: (1) 사용중인 유형자산중 손상징후가 있다고 판단되는 경우 손상차손의 계상 및 회계처리의 적정성을 검토
A37: (2) 손상차손을 인식한 경우에는 손상을 초래한 상황의 변화나 내용, 손상차손의 평가에 사용된 회수가능가액의 산정방법과 그 금액을 확인
A38: 8. 특수관계자와의 거래 | J38: E, CL
A39: 특수관계자와의 거래에 대한 구체적인 절차는 Audit Guide 3500 특수관계자 거래를 참고한다.
A40: 9. 감가상각비명세서 징구 및 계상의 적정성 | J40: C, V, A
A41: (1) 감가상각비명세서를 징구하여 감가상각방법, 상각개시시점, 내용연수 또는 상각률의 계속적용여부 및 비용배부기준의 타당성을 검토
A42: (2) 신규취득자산에 적용하는 내용연수의 타당성을 검증
A43: (3) 감가상각방법이나 내용연수를 변경한 경우 그 타당성과 재무제표에 미치는 영향을 확인
A44: (4) 유형자산에 대한 세무상의 처리방법을 확인하고, 세무와 회계상에 차이가 존재할 경우 그 차이에 대하여 적절하게 회계처리하고 있는지 검토
A45: (5) 감가상각 및 감가상각누계액 계정과 유형자산계정의 총액과의 비율을 검토하고 전기와 비교하고 감가상각비 계산의 산술적 정확성을 검토한다.
A46: (6) 감가상각비의 배분을 전기와 비교
A47: 10. 재무제표 공시사항 검토(공시사항점검표 참조) | J47: C, CL, U, P
A48: 11. 감사결론의 기술
A50: Part 2. 추가 고려 절차
A51: 감사절차 | J51: 경영진 주장 | K51: 조서번호
A52: 1. 필요시 아래와 같은 중요한 유형자산에 대해서는 실사를 할 것을 고려한다. | J52: E
A53: -유형자산 관련 내부통제가 취약하여 감사위험이 크거나, 사실 및 상황(장기미대체건설중자산, 과거 분식사례 존재 등)에 근거 유형자산 취득관련 실재성이 의심되는 정황이 있는 경우 등
A54: -유형자산장부금액이 전체자산장부금액대비 비중이 높은 경우
A55: 2. 복구비용을 반영하여야 할 경우에는 추정 복구비용의 내용, 추정방법, 금액 및 회계처리방법을 검토 | J55: V, C
A56: 3. 수익적지출 및 자본적지출 구분의 타당성 및 계속성을 검토 | J56: A
A57: 4. 동종 또는 이종자산과의 교환으로 취득한 유형자산의 유무에 대하여 질문하고, 이에 대한 회계처리의 적정성을 검토 | J57: A
A58: 5. 내용연수 도중 사용을 중단하고, 처분 또는 폐기할 예정인 유형자산 또는 장래 사용을 재개할 예정인 유형자산이 있는지 파악하여 동 유형자산에 대한 회계처리의 적정성을 검토한다. | J58: V, CL
A59: 6. 정부보조금 등 | J59: V, CL
A60: 정부보조금, 공사부담금 등에 의하여 유형자산을 무상 또는 공정가액보다 낮은 대가로 취득한 경우, 그 유형자산에 대한 취득원가 계상액, 이에 대한 회계처리 및 재무제표 표시의 적정성을 검토한다.
A62: Part 3. 추가감사절차
A64: * 감사인이 상기 감사절차예시 이외의 추가절차를 수행할 경우, 아래에 해당 내용을 기재한다.
A66: 감사절차 | J66: 경영진주장 | K66: 조서번호

Sheet H
A1: 실 증 절 차
A2: (H. 무형자산)
A4: 회사명 | C4: =A!C4 -> 0 | F4: 작성자 | G4: =A!G4 -> 0 | I4: 일자
A5: 결산일 | C5: =A!C5 -> 0 | F5: 검토자 | G5: =A!G5 -> 0 | I5: 일자
A6: 경영진 주장 :
A7: A | B7: : 정확성(Accuracy) | D7: E | E7: : 실재성(Existence) | G7: RO | H7: : 권리와 의무(Rights and obligations)
A8: C | B8: : 완전성(Completeness) | D8: O | E8: : 발생사실(Occurrence) | G8: CL | H8: : 분류(Classification)
A9: CO | B9: : 기간귀속(Cutoff) | D9: V | E9: : 평가(Valuation) | G9: U | H9: : 이해가능성(Understandability)
A10: P | B10: : 표시(Presentation)
A11: ※ 업무요령 : 조서번호 2302 감사위험의 평가(경영진 주장 수준)에서 파악된 위험과 조서번호 3100 위험에 대한 대응에 기재된 실증절차에 맞게 실증절차를 수행한다.
A13: Part 1. 절차 예시
A14: 감사절차 | J14: 경영진 주장 | K14: 조서번호
A15: 1. 무형자산(사용권자산을 무형자산으로 표시하는 경우 사용권자산 포함)총괄표 작성 | J15: E, C, CL
A16: 무형자산(사용권자산을 무형자산으로 표시하는 경우 사용권자산 포함) 장부가액의 변동내용을 나타내는 요약표를 입수하여 분석하고, 당기말 잔액은 총계정원장과, 전기말잔액은 전기감사보고서와 각각 대조하고 양년도간에 특별한 변동사항이 있는 경우에는 그 원인을 규명한다.
A17: 2. 무형자산명세서 | J17: C, V
A18: 무형자산명세서를 입수하여 금액을 계산검증하고 잔액이 보조부와 일치하는지를 확인한다.
A19: 3. 등록증, 계약서 및 조회서등을 검토하여 소유권 및 소유권제한사항을 확인하고, 무형자산의 실재성에 대한 의문이 있을 경우, 변호사 또는 기술사용권자 및 상표권자에게 조회한다. | J19: RO
A20: 4. 무형자산처분명세서를 제시받아 처분가격 등의 적정성을 검토하고 처분손익등 관련손익계정과 연결시킨다. | J20: E, V, A
A21: 5. 무형자산상각비의 적정성 | J21: V, A
A22: (1) 상각비명세서를 징구하여 상각액 및 간접법의 경우 상각누계액 계상의 적정성과 상각방법, 내용연수 또는 상각률, 잔존가액의 계속적용여부 및 비용배부기준의 타당성을 검토한다.
A23: (2)상각완료된 자산이 사용되고 있는지 확인하여, 해당 자산의 상각률 또는 내용연수가 적절한지 검토한다.
A24: (3)비한정 내용연수의 무형자산의 경우 내용연수 타당성 검토한다.
A25: (4)후속적 지출이 자산인식 요건에 해당되는지 검토한다.
A26: (5)당기상각액이 손익계정별로 적절하게 계상되었는지 확인한다.
A27: (6) 내용연수가 20년을 초과하는 경우 그 근거(관계법령 또는 계약 등) 및 내용연수 결정에 고려한 중요 요소를 확인 한다.
A28: 6. 손상차손 등
A29: (1) 사용중인 무형자산중 손상징후가 있다고 판단되는 경우 손상차손의 계상 및 회계처리의 적정성을 검토
A30: (2) 손상차손을 인식한 경우에는 손상을 초래한 상황의 변화나 내용, 손상차손의 평가에 사용된 회수가능가액의 산정방법과 그 금액을 확인
A31: 7. 재무제표 공시사항 검토(공시사항점검표 참조) | J31: C, CL,U, P
A32: 8. 감사결론의 기술
A35: Part 2. 추가 고려 절차
A36: 감사절차 | J36: 경영진 주장 | K36: 조서번호
A37: 1. 무형자산에 대한 지출로서 과거 회계연도의 재무제표나 중간재무제표에서 비용으로 인식한 지출(즉, 무형자산의 인식기준충족시점 이전의 지출)이 그 후의 기간에 발생한 무형자산의 취득원가의 일부로 계상되었는지를 검토한다. 특히, 무형자산으로 인식한 개발비와 당기비용으로 인식한 연구비 및 경상개발비의 회계처리 적정성을 검토한다. | J37: V, CL
A38: 2. 차입원가 자본화 회계처리가 적절하게 이루어졌는지 다음사항을 검토 -적격자산여부, 자본화 대상기간, 자본화가능차입원가 산정(지출액적수, 이자율) | J38: A
A39: 3. 제약 바이오 업종의 개발비의 경우, 금융감독원의 [제약 바이오 기업의 연구개발비 회계처리 관련 감독지침 202209 및 제약·바이오 산업 주요 회계처리에 대한 감독지침 220924]에 따라 개발비가 적절히 자산화 되었는지 검토 | J39: A
A40: 4. 사업결합시 외부전문가의 공정가치평가 및 PPA보고서가 감사증거로서 충분하고 적합한지 확인 (전문가의 적격성, 가정/방법 이해, 산식오류 검토) | J40: V
A41: 5. 영업권과 염가매수차익의 회계처리의 적정성을 검토한다.(K-IFRS 1103 사업결합 참조) | J41: V
A42: 6. 정부보조금등 | J42: V, CL
A43: 정부보조금, 공사부담금 등에 의하여 무형자산을 무상 또는 공정가액보다 낮은 대가로 취득한 경우, 그 무형자산에 대한 취득원가 계상액, 이에 대한 회계처리 및 재무제표 표시의 적정성을 검토한다.
A45: Part 3. 추가감사절차
A47: * 감사인이 상기 감사절차예시 이외의 추가절차를 수행할 경우, 아래에 해당 내용을 기재한다.
A49: 감사절차 | J49: 경영진주장 | K49: 조서번호

Sheet I
A1: 실 증 절 차
A2: (I. 기타비유동자산)
A4: 회사명 | C4: =A!C4 -> 0 | F4: 작성자 | G4: =A!G4 -> 0 | I4: 일자
A5: 결산일 | C5: =A!C5 -> 0 | F5: 검토자 | G5: =A!G5 -> 0 | I5: 일자
A6: A | B6: : 정확성(Accuracy) | D6: E | E6: : 실재성(Existence) | G6: RO | H6: : 권리와 의무(Rights and obligations)
A7: C | B7: : 완전성(Completeness) | D7: O | E7: : 발생사실(Occurrence) | G7: CL | H7: : 분류(Classification)
A8: CO | B8: : 기간귀속(Cutoff) | D8: V | E8: : 평가(Valuation) | G8: U | H8: : 이해가능성(Understandability)
A9: P | B9: : 표시(Presentation)
A10: ※ 업무요령 : 조서번호 2302 감사위험의 평가(경영진 주장 수준)에서 파악된 위험과 조서번호 3100 위험에 대한 대응에 기재된 실증절차에 맞게 실증절차를 수행한다.
A12: Part 1. 절차 예시
A13: 감사절차 | J13: 경영진 주장 | K13: 조서번호
A14: 1. 기타비유동자산 총괄표의 작성 | J14: E, C, CL
A15: 당기말잔액은 총계정원장과, 전기말잔액은 전기감사보고서와 각각 대조하고, 양년도간 특별한 변동사항은 그 원인을 규명한다.
A16: 2. 기타비유동자산명세서 | J16: C, V
A17: 기타비유동자산명세서를 입수하여 금액을 계산검증하고 잔액이 보조부와 일치하는지를 확인한다.
A18: 3. 기타비유동자산 외부확인 | J18: A, E, RO
A19: 주요 거래처에 대한 자산이 중요할 경우 외부 확인을 수행하며 외부 확인에 대한 구체적인 절차는 Audit Guide 3320 외부조회를 참고한다.
A20: 4. 중요한 항목 및 금액에 대하여 관련증빙을 대조확인한다. | J20: E, C, V
A21: 기타비유동자산 중 주요금액에 대하여는 관련 증빙서류와 대조하여 거래발생 및 금액의 타당성을 확인한다. 상세테스트의 방법은 Audit Guide 3300 감사증거 및 Audit Guide 3310 표본감사를 참고한다.
A22: 5. 기타비유동자산과 관련하여 발생한 손익계정이 적정하게 계상되었는가 확인한다. | J22: C, V, A
A23: 6. 회수가능성 | J23: V
A24: 회수불능자산의 대손처리 여부를 검토하고 대손충당금 설정의 타당성 및 계속성여부를 검토한다.
A25: 7. 현재가치에 의한 평가의 적정성 | J25: V, A
A26: 기타비유동자산 중 현재가치에 의한 평가사항이 있는 경우 동 평가액과 할인차금의 계산이 적정한지 검증하고, 관련손익계정에 반영되었는지 확인한다.
A27: 8. 특수관계자와의 거래 | J27: E, CL
A28: 특수관계자와의 거래에 대한 구체적인 절차는 Audit Guide 3500 특수관계자 거래를 참고한다.
A29: 9. 재무제표 공시사항의 적정성 검토(공시사항점검표 참조) | J29: C, CL, U, P
A30: 10. 감사결론의 기술
A32: Part 2. 추가 고려 절차
A33: 감사절차 | J33: 경영진 주장 | K33: 조서번호
A34: 1. 감사인측 및 경영진측 전문가 수행업무의 평가 | J34: A, E, C,
A35: 감사증거로 사용될 정보가 경영진측 전문가가 수행한 업무의 도움으로 작성되거나 감사과정에서 감사인측 전문가가 수행한 업무를 활용하는 경우 Audit Guide 2131 전문가의 활용을 참조하여 평가한다. | J35: O, V
A37: Part 3. 추가감사절차
A39: * 감사인이 상기 감사절차예시 이외의 추가절차를 수행할 경우, 아래에 해당 내용을 기재한다.
A41: 감사절차 | J41: 경영진주장 | K41: 조서번호

Sheet J
A1: 실 증 절 차
A2: (J. 자산손상)
A4: 회사명 | C4: =A!C4 -> 0 | F4: 작성자 | G4: =A!G4 -> 0 | I4: 일자
A5: 결산일 | C5: =A!C5 -> 0 | F5: 검토자 | G5: =A!G5 -> 0 | I5: 일자
A6: 경영진 주장 :
A7: A | B7: : 정확성(Accuracy) | D7: E | E7: : 실재성(Existence) | G7: RO | H7: : 권리와 의무(Rights and obligations)
A8: C | B8: : 완전성(Completeness) | D8: O | E8: : 발생사실(Occurrence) | G8: CL | H8: : 분류(Classification)
A9: CO | B9: : 기간귀속(Cutoff) | D9: V | E9: : 평가(Valuation) | G9: U | H9: : 이해가능성(Understandability)
A10: P | B10: : 표시(Presentation)
A11: ※ 업무요령 : 조서번호 2302 감사위험의 평가(경영진 주장 수준)에서 파악된 위험과 조서번호 3100 위험에 대한 대응에 기재된 실증절차에 맞게 실증절차를 수행한다.
A13: Part 1. 절차 예시
A14: 감사절차 | J14: 경영진 주장 | K14: 조서번호
A15: 1. 손상대상자산의 완전성 검토 | J15: E, O, V
A16: 손상징후 여부에 관계없이 손상검사대상 자산이 존재하는지 검토한다.
A17: 개별자산 또는 현금창출단위에 손상검사대상자산이 모두 포함되는지 검토한다.
A18: 2. 손상징후 검토 | J18: E, O, V
A19: 매 보고기간말마다 자산손상을 시사하는 징후가 있는지 외부정보 및 내부정보를 검토한다.
A20: 손상을 시사하는 외부정보와 내부정보를 회사가 충분히 고려하였는지 검토한다.
A21: 3. 현금창출단위 식별의 적정성
A22: (1) 경영진이 구분한 현금창출단위의 적정성을 검토한다.
A23: (2) 현금창출단위가 변경되는 경우 그 사유에 대하여 검토한다.
A24: 4. 영업권의 현금창출단위로의 배분의 적정성 | J24: V, A
A25: (1) 영업권이 취득일부터 현금창출단위에 배분되었는지 확인한다.
A26: (2)영업권이 배분되는 각 현금창출단위가 영업권을 감독하는 기업 내 최저수준이어야 하며 K-IFRS 1108 '영업부문'에 따라 정의되는 통합전 영업부문보다 크지 않은지 검토한다.
A27: (3) 영업권의 최초 배분이 취득일 후 최초로 개시하는 회계연도 말까지 완료되었는지 검토한다.
A28: 5. 회수가능액 측정의 적정성 | J28: V, A
A29: (1) (순공정가치 산정)구속력 있는 매매계약이 있거나 활성시장의 존재 여부를 확인한다.
A30: (2) (순공정가치 산정)구속력 있는 매매계약이 없거나 활성시장이 존재하지 않는 경우 이용가능한 최선의 정보의 적정성을 검토한다.
A31: (3) (사용가치 산정)사용가치 산정을 위하여 사용한 사업계획의 경영진(이사회) 승인받은 최근의 재무예산과 일치하는지 대사확인 및 과거 사업계획의 소급적검토
A32: (4) (사용가치 산정)외부전문가의 공정가치평가가 감사증거로서 충분하고 적합한지 확인 (전문가의 적격성, 가정/방법 이해, 산식오류 검토)
A33: - 매출(or 영업현금흐름, EBIT)성장율과 관련하여 이용가능한 외부기관 시장추정치 상의 성장율과 비교, 차이가 있다면 근거의 합리성 검토
A34: - 영구성장율 및 할인율 적정성 검토
A35: 6. 손상차손 환입의 적정성 | J35: V, A
A36: 매 보고기간말마다 영업권을 제외한 자산에 대해 과거에 인식한 손상차손이 더 이상 존재하지 않거나 감소된 것을 시사하는 징후가 있는지를 검토한다.
A37: 7. 손상차손을 인식하지 않은 경우에 다른 K-IFRS에 따른 검토 대상 확인 | J37: E, O, V
A38: 자산손상을 시사하는 징후가 있다면 잔여내용연수, 감가상각방법 또는 잔존가치를 검토하여 조정할 필요가 있는지 검토한다.
A39: 8. 재무제표 공시 사항의 적정성 검토(공시사항점검표 참조) | J39: C, CL, U, P
A40: 9. 감사결론의 기술
A41: Part 2. 추가 고려 절차
A42: 감사절차 | J42: 경영진 주장 | K42: 조서번호
A43: 1. 공동자산의 손상차손 적정성 | J43: V, A
A44: 본사 또는 부문의 건물, 전산설비 및 연구소와 같은 공동자산이 기업의 조직구조에 따라 적정하게 결정되었는지 검토한다.
A46: Part 3. 추가감사절차
A48: * 감사인이 상기 감사절차예시 이외의 추가절차를 수행할 경우, 아래에 해당 내용을 기재한다.
A50: 감사절차 | J50: 경영진주장 | K50: 조서번호

Sheet AA
A1: 실 증 절 차
A2: (AA. 매입채무(장단기))
A4: 회사명 | C4: =A!C4 -> 0 | F4: 작성자 | G4: =A!G4 -> 0 | I4: 일자
A5: 결산일 | C5: =A!C5 -> 0 | F5: 검토자 | G5: =A!G5 -> 0 | I5: 일자
A6: 경영진 주장 :
A7: A | B7: : 정확성(Accuracy) | D7: E | E7: : 실재성(Existence) | G7: RO | H7: : 권리와 의무(Rights and obligations)
A8: C | B8: : 완전성(Completeness) | D8: O | E8: : 발생사실(Occurrence) | G8: CL | H8: : 분류(Classification)
A9: CO | B9: : 기간귀속(Cutoff) | D9: V | E9: : 평가(Valuation) | G9: U | H9: : 이해가능성(Understandability)
A10: P | B10: : 표시(Presentation)
A11: ※ 업무요령 : 조서번호 2302 감사위험의 평가(경영진 주장 수준)에서 파악된 위험과 조서번호 3100 위험에 대한 대응에 기재된 실증절차에 맞게 실증절차를 수행한다.
A13: Part 1. 절차 예시
A14: 감사절차 | J14: 경영진주장 | K14: 조서번호
A15: 1. 매입채무 총괄표 작성 | J15: E, C, CL
A16: 당기말잔액은 총계정원장과 전기말잔액은 전기감사보고서와 대조하고 양년도간 특별한 변동이유를 규명한다.
A17: 2. 매입채무명세서를 받아 다음 절차를 수행한다. | J17: C, V
A18: (1) 계산검증을 하고, 매입처별 보조부와 대조하고 동 잔액들이 최근의 청구서 등에 근거하여 계상되었는가를 확인한다.
A19: (2) 지급어음명세를 검토하여 정상적인 영업활동 이외의 거래에서 발생된 어음의 포함여부를 조사하여 계정과목 재분류를 검토하고, 장단기구분의 적정성을 검토한다.
A20: 3. 분석적 절차 | J20: C, V
A21: (1) 매입채무명세를 전년도와 비교하고 예측하지 못한 변동이 있는지(예를 들면 주요 공급자, 차변잔액 구성비율 및 계정잔액 경과일수의 변동) 또는 반대로 예측되는 변동이 일어나지 않은 이유 등을 조사한다.
A22: (2) 당기 매입액 및 평균 매입채무를 기초로 하여 회전율 및 지급기간을 예측산정하여 회사의 지급기간과 비교확인하고, 감사인의 예상과 다른 경우 추가적인 원인을 분석한다.
A23: (3) 지급어음, 기업구매카드, 구매자금대출에 대한 평균잔액에 평균이자율을 곱하여 이자비용의 적정성을 테스트한다.
A24: 4. 외부 조회에 대한 구체적인 절차는 Audit Guide 3320 외부조회를 참고한다. | J24: E, RO, C
A25: 5. 보고기간종료일 이후 지급된 매입채무 | J25: E, RO, C
A26: (1) 결산일 전후 일정기간의 매입채무지급액 및 송장, 검수보고서를 추적 검토하여 기간귀속(Cut-off)의 적정성을 확인한다.
A27: (2) 마감일 전후의 매입채무기록, 입고기록, 공급자계산서 및 기타 증빙이 적절한지 테스트하고, 매입채무의 기간귀속을 관련되는 계정(재고자산등)의 기간귀속과 비교한다.
A28: (3) 미착품으로 계상된 재고와 관련하여 소유권의 이전시점(도착지 또는 선적지 인도기준등)에 따라 적절히 매입채무로 계상되고 있는지 검토한다.
A29: 6. 재무제표 표시사항의 적정성 검토 | J29: CL, P
A30: (1) 재고자산구매에서 발생하지 아니한 채무의 재분류
A31: (2) 1년 이후 지급될 금액의 재분류(예：장기성 매입채무)
A32: (3) 결산일후 행해진 주요수정사항을 검토
A33: (4) 기업구매카드 및 기업구매자금대출제도에 의한 매입시 계정분류의 적정성을 확인한다(기업구매지금대출시 판매기업이 환어음을 결제하기 전까지는 매입채무로, 환어음을 결제한 후에는 단기차입금으로 회계처리함).
A34: (5) 회사의 공급자에 대한 채무(매입채무, 기업구매카드 등)에 대하여 제공한 공급자 금융약정 공시내용을 검토
A35: 7. 재무제표 공시 사항의 적정성 검토(공시사항점검표 참조) | J35: C, CL, U, P
A36: 8. 감사결론의 기술
A39: Part 2. 추가 고려 절차
A40: 감사절차 | J40: 경영진주장 | K40: 조서번호
A41: 1. 조회 시 유의사항
A42: (1) 과소계상된 매입채무를 적발하기 위하여는 비경상적인 소액거래처를 표본으로 추출하여 조회서를 발송한다. 특히, 전기대비 매입채무가 크게 감소한 매입처에 대해 집중적으로 조회한다.
A43: (2) 채권자에 대한 조회, 이사회의사록과 기타서류의 검토 등을 통하여 매입채무에 대한 담보권 및 담보로 제공된 자산을 확인한다.
A44: (3) 금융기관조회서 검토시 Usance 거래 및 기업구매카드, 기업구매자금대출에 대한 장부상 부채계상을 확인한다.
A45: 2. 장기연불조건의 매매거래 및 이와 유사한 거래의 현재가치평가 여부와 회계처리방법의 적정성 검토 | J45: V, CL
A46: 3. 회사정리 및 화의절차개시 및 당사자 합의로 원금, 이자율, 기간 등이 재조정된 매입채무에 대한 회계처리의 적정성 검토 | J46: V
A47: 4. 미이행 구매계약을 검토한다. | J47: C,A,RO,V
A48: 미이행 구매계약 기록을 검토하여 해당 계약에서 충당부채가 계상되어야 할 잠재적 손실이 발생할 수 있는지 여부를 검토한다.
A49: 5. 지급어음 및 기타 양도성 증서로 대체될 매입채무의 처리를 검토한다. | J49: CL
A51: Part 3. 추가감사절차
A53: * 감사인이 상기 감사절차예시 이외의 추가절차를 수행할 경우, 아래에 해당 내용을 기재한다.
A55: 감사절차 | J55: 경영진주장 | K55: 조서번호

Sheet BBDD
A1: 실 증 절 차
A2: (BB.DD. 장단기차입금,사채)
A4: 회사명 | C4: =A!C4 -> 0 | F4: 작성자 | G4: =A!G4 -> 0 | I4: 일자
A5: 결산일 | C5: =A!C5 -> 0 | F5: 검토자 | G5: =A!G5 -> 0 | I5: 일자
A6: 경영진 주장 :
A7: A | B7: : 정확성(Accuracy) | D7: E | E7: : 실재성(Existence) | G7: RO | H7: : 권리와 의무(Rights and obligations)
A8: C | B8: : 완전성(Completeness) | D8: O | E8: : 발생사실(Occurrence) | G8: CL | H8: : 분류(Classification)
A9: CO | B9: : 기간귀속(Cutoff) | D9: V | E9: : 평가(Valuation) | G9: U | H9: : 이해가능성(Understandability)
A10: P | B10: : 표시(Presentation)
A11: ※ 업무요령 : 조서번호 2302 감사위험의 평가(경영진 주장 수준)에서 파악된 위험과 조서번호 3100 위험에 대한 대응에 기재된 실증절차에 맞게 실증절차를 수행한다.
A13: Part 1. 절차 예시
A14: 감사절차 | J14: 경영진 주장 | K14: 조서번호
A15: 1. 장단기차입금 및 사채 총괄표의 작성 | J15: E, C, CL
A16: 당기말 잔액은 총계정원장과 전기말 잔액은 전기감사보고서와 대조하고 양년도간 특별한 변동이유를 규명한다.
A17: 2. 장단기차입금 및 사채 명세서 | J17: C, V
A18: (1) 명세서를 입수하여 금액을 계산검증하고 잔액이 보조부와 일치하는지를 확인한다.
A19: (2) 신규 사채발행내역을 유가증권신고서 등을 통하여 확인한다.
A20: 3. 외부 조회에 대한 구체적인 절차는 Audit Guide 3320 외부조회를 참고한다. | J20: E, RO, C, A
A21: 4. 차입계약서 상의 주요 계약사항의 준수 여부를 확인한다. | J21: RO, CL
A22: 5. 중요한 증감거래에 대하여 입출금거래를 확인하고, 피감사회사가 실제로 회계연도중에 상환한 금액과 비교한다. | J22: E, C
A23: 6. 은행조회서 상의 최종이자지급일을 확인하여 미지급(선급)이자 계산을 확인하고, 미지급비용명세 또는 선급비용명세와 연결한다. | J23: C, V, A
A24: 7. 차입금 평균금액과 이자율을 이용하여 이자비용에 대한 Overall Test를 실시한다. 이때 약정이자율에 대한 신뢰성을 검토하여야 한다. | J24: C, A
A25: 8. 연불수입조건으로써 Banker's Usance 잔액이 조회될 경우 단기차입금 계상의 적정성을 검토한다.(이자는 금융비용임) | J25: C, CL
A26: 9. 재무제표 표시사항 검토 | J26: CL, P
A27: (1) 단기차입금에 당좌차월, 어음상의 채무 포함여부를 확인
A28: (2) 1년 이후에 상환될 차입금은 장기채무로 재분류(상환계획서, 은행조회서, 기재사항 대조)
A29: (3) 장기채무중 1년이내에 상환될 차입금은 유동성장기부채로 재분류
A30: (4) 보고기간종료일로부터 1년 이내에 상환되어야 하는 채무는, 보고기간종료일과 재무제표가 사실상 확정된 날 사이에 보고기간종료일로부터 1년을 초과하여 상환하기로 합의하더라도 유동부채로 분류(K-IFRS 1001 문단 74 참조)
A31: (5) 기업이 보고기간말 현재 기존의 대출계약조건에 따라 보고기간 후 적어도 12개월 이상 부채를 연장할 권리가 있다면, 보고기간 후 12개월 이내에 만기가 도래한다 하더라도 비유동부채로 분류한다. 만약 기업에 그러한 권리가 없다면, 차환가능성을 고려하지 않고 유동부채로 분류(K-IFRS 1001 문단 73 참조)
A32: (6) 보고기간 후 적어도 12개월 이상 부채의 결제를 연기할 수 있는 기업의 권리는 기업이 차입 약정 상의 특정 조건(이하 ‘약정사항’)을 준수하는지 여부에 좌우될 수 있다 ⑴ K-IFRS 1001 문단 74~75의 예시와 같이 만약 기업이 보고기간말 또는 보고기간말 이전에 약정사항을 준수하도록 요구받는다면, 이러한 약정사항은 K-IFRS 1001 문단 69⑷를 적용할 때 보고기간말 현재 그러한 권리가 존재하는지 여부에 영향을 미친다. 비록 약정사항의 준수 여부가 보고기간 후에만 평가되더라도(예: 약정사항은 보고기간말 현재 기업의 재무상태를 기초로 하지만, 약정의 준수 여부는 보고기간 후에만 평가되는 경우), 이러한 약정사항은 보고기간말 현재 그러한 권리가 존재하는지 여부에 영향을 미친다. ⑵ 만약 기업이 보고기간 후에만 약정사항을 준수하도록 요구받는다면(예: 기업의 보고기간말 6개월 후 재무상태에 기초한 약정사항), 이러한 약정사항은 K-IFRS 1001 문단 69⑷를 적용할 때 보고기간말 현재 그러한 권리가 존재하는지 여부에 영향을 미치지 않는다. (K-IFRS 1001 문단 72B 참조)
A33: (7) 사채할인차금은 사채에서 차감하는 형식으로 기재
A34: (8) 전환증권의 경우 상환할증금, 할인할증발행차금, 전환권 등 조정을 액면가액에 가감하는 형식으로 표시
A35: 10. 주주총회 또는 이사회 의사록, 계약서, 금융기관조회서 또는 기타 서류를 검토하여 고정부채에 대한 승인 및 신용한도의 유무를 확인한다. | J35: C, CL
A36: 11. 재무제표 공시사항의 적정성 검토(공시사항점검표 참조) | J36: C, CL, U, P
A37: 12. 감사결론의 기술
A40: Part 2. 추가 고려 절차
A41: 감사절차 | J41: 경영진 주장 | K41: 조서번호
A42: 1. 조회 시 유의사항 | J42: E, RO, C, A
A43: (1) 은행, 보험회사, 종금사 등 채권자에 직접조회하여 기말잔액, 상환기한, 이자율, 최종이자지급일, 담보내용 주요차입조건 등을 확인(중도상환은행 포함)
A44: (2) 조회서의 회신금액과 은행연합회 제공 여수신현황표와 대사 확인한다.
A45: 2. 전환증권 | J45: E, RO, V, A, CL
A46: (1) 전환사채, 신주인수권부사채 등 전환증권을 발행한 경우에는 발행가액, 권리행사조건(행사가격, 행사기간 등), 특약사항, 담보 또는 보증 제공 내역 등 기존 주주의 이해에 관계되는 중요한 사항을 확인한다.
A47: (2) 전환증권 발행의 경우에는 사채발행차금, 전환권(신주인수권)조정,상환할증금 등에 대한 회계처리의 적정성(분류 및 평가)를 검토하고 전환권(신주인수권)대가는 자본계정(또는 자본분류조건 미충족시 부채계정)과 연결한다.
A48: (3) 전환권 행사에 대한 회계처리시 실제권리행사일을 기준으로 사채의 장부가액이 결정되었는지 여부를 확인하고 장부가액(주식 발행가액)의 타당성을 검증한다(금융위원회 '전환사채 콜옵션 회계처리에 대한 감독지침' 참고).
A49: (4) 신주인수권 행사의 경우에는 상환할증금, 신주인수권대가에 대한 회계처리의 적정성을 검토한다.
A50: (5) 사채발행차금과 전환권(신주인수권)조정에 적용된 기대만기(상환권 비분리시 상환권행사예상시점), 유효이자율 및 상각금액의 적정성을 확인하고 사채이자계정에 연결한다.
A51: 3. 사채발행차금 등의 상각 | J51: V, A
A52: 사채발행가액(사채발행수수료와 사채발행과 관련하여 직접 발생한 기타비용을 차감한 후의 가액)과 액면가액의 차액인 사채발행차금 등의 상각방법 및 금액의 적정성을 확인하고 사채이자계정에 연결한다.
A53: 4. 채무조정의 적정성 | J53: V
A54: 회사정리 및 화의절차개시 및 당사자 합의로 원금, 이자율, 기간 등이 재조정된 장단기차입금 및 사채에 대한 회계처리의 적정성을 검토한다.
A56: Part 3. 추가감사절차
A58: * 감사인이 상기 감사절차예시 이외의 추가절차를 수행할 경우, 아래에 해당 내용을 기재한다.
A60: 감사절차 | J60: 경영진주장 | K60: 조서번호

Sheet CC
A1: 실 증 절 차
A2: (CC. 기타유동부채)
A4: 회사명 | C4: =A!C4 -> 0 | F4: 작성자 | G4: =A!G4 -> 0 | I4: 일자
A5: 결산일 | C5: =A!C5 -> 0 | F5: 검토자 | G5: =A!G5 -> 0 | I5: 일자
A6: 경영진 주장 :
A7: A | B7: : 정확성(Accuracy) | D7: E | E7: : 실재성(Existence) | G7: RO | H7: : 권리와 의무(Rights and obligations)
A8: C | B8: : 완전성(Completeness) | D8: O | E8: : 발생사실(Occurrence) | G8: CL | H8: : 분류(Classification)
A9: CO | B9: : 기간귀속(Cutoff) | D9: V | E9: : 평가(Valuation) | G9: U | H9: : 이해가능성(Understandability)
A10: P | B10: : 표시(Presentation)
A11: ※ 업무요령 : 조서번호 2302 감사위험의 평가(경영진 주장 수준)에서 파악된 위험과 조서번호 3100 위험에 대한 대응에 기재된 실증절차에 맞게 실증절차를 수행한다.
A13: Part 1. 절차 예시
A14: 감사절차 | J14: 경영진 주장 | K14: 조서번호
A15: 1. 기타유동부채의 총괄표 작성 | J15: E, C, CL
A16: 당기말잔액은 총계정원장과, 전기말잔액은 전기감사보고서와 각각 대조하고, 양년도간 특별한 변동사항은 그 원인을 규명한다.
A17: 2. 기타유동부채 명세서 | J17: E, RO, V
A18: (1) 계정별로 거래처, 거래내용, 계산근거, 기말잔액이 표시된 명세서를 입수하여 금액을 계산검증하고 보조부와 대조 확인한다.
A19: (2) 기초와 기말의 내역을 비교하고 회계처리의 계속성을 확인한다.
A20: (3) 명세서를 스캔하여 유의적이거나 비경상적인 항목들을 검토한다.
A21: 3. 기타유동부채 외부 조회 | J21: A, E, C, RO
A22: 주요 거래처에 대한 채무가 중요할 경우 외부 확인을 수행하며 외부 확인에 대한 구체적인 절차는 Audit Guide 3320 외부조회를 참고한다.
A23: 4. 중요한 항목 및 금액에 대하여 관련증빙을 대조확인한다. | J23: A, E, V
A24: 기타 유동부채 중 주요금액에 대하여는 관련 증빙서류와 대조하여 거래발생 및 금액의 타당성을 확인한다. 상세테스트의 방법은 Audit Guide 3300 감사증거 및 Audit Guide 3310 표본감사를 참고한다.
A25: 5. 미지급계상의 완전성 검토 | J25: C, CO
A26: 손익계산서 및 제조원가명세서 상의 비용항목을 검토하여 미지급계상의 완전성을 확인한다.
A27: 6. 보고기간종료일 이후에 지급된 금액 검토 | J27: C, CO
A28: 보고기간종료일 이후 지급된 금액을 조사하여 당기에 제공받은 용역과 관련된 지급에 대하여 해당기간에 적절히 부채로 계상되었는지를 확인한다.
A29: 7. 외화표시 채무의 환산내용을 검토한다. | J29: V, CL
A30: 8. 재무제표 표시사항의 적정성 검토 | J30: CL, U, P
A31: (1) 가수금 등의 미결산 항목은 그 성질을 나타내는 적절한 과목으로 표시
A32: (2) 기타의 유동부채 중 그 성질이나 금액이 중요한 경우 구분 기재
A33: (3) 기타유동부채중 1년 이후에 지급될 금액을 재분류
A34: 9. 특수관계자와의 거래 | J34: E, CL
A35: 특수관계자와의 거래에 대한 구체적인 절차는 Audit Guide 3500 특수관계자 거래를 참고한다.
A36: 10. 재무제표 공시사항의 적정성 검토(공시사항점검표 참조) | J36: C, CL, U, P
A37: 11. 감사결론의 기술
A40: Part 2. 추가 고려 절차
A41: 감사절차 | J41: 경영진 주장 | K41: 조서번호
A42: 1. 장기 미처리거래에 대한 확인 | J42: E, V
A43: 장기 미처리거래가 존재할 경우 이유를 규명하고 적절한 회계처리를 유도
A44: 2. 감사인측 및 경영진측 전문가 수행업무의 평가 | J44: A, E, C,
A45: 감사증거로 사용될 정보가 경영진측 전문가가 수행한 업무의 도움으로 작성되거나 감사과정에서 감사인측 전문가가 수행한 업무를 활용하는 경우 Audit Guide 2131 전문가의 활용을 참조하여 평가한다. | J45: O, V
A46: 3. 계약부채에 대한 검토
A47: (1) 기업이 고객에게 재화나 용역을 이전하기 전에 대가수령에 대한 무조건적인 권리(수취채권)를 갖고 있는 경우에 기업은 지급받은 때나 지급받기로 한 때(둘 중 이른 시기)에 그 계약을 계약부채로 표시하고 있는지 검토한다. | J47: C,A
A49: Part 3. 추가감사절차
A51: * 감사인이 상기 감사절차예시 이외의 추가절차를 수행할 경우, 아래에 해당 내용을 기재한다.
A53: 감사절차 | J53: 경영진주장 | K53: 조서번호

Sheet EE
A1: 실 증 절 차
A2: (EE. 퇴직급여부채, 급여)
A4: 회사명 | C4: =A!C4 -> 0 | F4: 작성자 | G4: =A!G4 -> 0 | I4: 일자
A5: 결산일 | C5: =A!C5 -> 0 | F5: 검토자 | G5: =A!G5 -> 0 | I5: 일자
A6: 경영진 주장 :
A7: A | B7: : 정확성(Accuracy) | D7: E | E7: : 실재성(Existence) | G7: RO | H7: : 권리와 의무(Rights and obligations)
A8: C | B8: : 완전성(Completeness) | D8: O | E8: : 발생사실(Occurrence) | G8: CL | H8: : 분류(Classification)
A9: CO | B9: : 기간귀속(Cutoff) | D9: V | E9: : 평가(Valuation) | G9: U | H9: : 이해가능성(Understandability)
A10: P | B10: : 표시(Presentation)
A11: ※ 업무요령 : 조서번호 2302 감사위험의 평가(경영진 주장 수준)에서 파악된 위험과 조서번호 3100 위험에 대한 대응에 기재된 실증절차에 맞게 실증절차를 수행한다.
A13: Part 1. 절차 예시
A14: 감사절차 | J14: 경영진 주장 | K14: 조서번호
A15: 1.퇴직급여부채의 총괄표 작성 | J15: E, C, CL
A16: 총괄표를 입수하여 다음을 수행한다.
A17: (1)총괄표를 총계정원장 및 전기 감사조서와 대사한다.
A18: (2)총괄표의 산술적 정확성을 검토한다.
A19: 2.퇴직급여 및 기타장기종업원급여의 파악
A20: 다음의 절차를 수행하여 기업의 퇴직급여제도와 기타장기종업원급여를 파악한다.
A21: (1)급여 지급에 대한 법적 의무를 확인하기 위해서 경영진에게 질의하고 각각의 관련 법률이나 기업의 문서(예: 노동조합 협약서)를 검토한다.
A22: (2)퇴직연금 및 기타급여를 비공식적으로 지급하는 반복적인 관행이 있는지에 대해서 경영진에게 질의한다. 만약 있다면, 퇴직연금을 지급하는 기업의 비공식적 관행이 의제의무를 발생시키는지 여부를 평가한다. | J22: E, C, RO
A23: (3)제도에 대한 요약 설명자료, 내부적인 규약 및 노동조합계약서와 같은 이용가능한 정보를 검토하고 문서화된 조건과 상이한 조건으로 급여를 지급하는 비공식적 관행에 대해서 경영진 및 가능하다면 연금제도관리인이나 보험자에게 질의한다하여 비공식적인 관행을 포함한 각 제도의 조건들을 이해한다.
A24: 3.퇴직급여제도의 분류를 검토
A25: 퇴직급여제도의 주요한 조건에서 도출된 경제적 실질에 기초하여, 제도의 분류가 확정기여형 제도인지 또는 확정급여형 제도인지 평가한다. | J25: CL, U
A26: 4.확정급여제도의 보험계리인의 보고서 검토
A27: 회사의 보험수리적 평가에 대한 원본 자료를 입수하여 다음의 절차를 수행한다.
A28: (1)재무제표의 인식된 금액이 보고기간말에 결정될 금액과 중요한 차이가 나지 않을 정도의 주기를 두고 공정가치 평가가 수행되었는지 여부를 평가한다.
A29: (2)보험계리인의 평가가 보고기간 말 전에 수행되었다면 평가보고서상의 금액과 재무상태표에 인식된 금액 간의 차이 조정내역을 입수하여 검토한다. | J29: A, V
A30: (3)보험계리인의 보고서를 검토하여 퇴직급여제도의 모든 정확한 조건, 관련된 요소, 또는 조건의 변경이 적절하게 반영되었는지 여부를 확인하고 예측단위적립방식이 적용되었는지 검토한다.
A31: (4)확정급여제도를 위한 기금이 적립되었다면, 사외적립자산 수탁자의 보고서 원본이나 사외적립자산에 대한 그 밖의 목록을 입수하여 다음을 수행한다.
A32: ①목록의 산술적 정확성을 검토하고 합계금액을 총계정원장이나 재무제표의 공시사항과 직접 대사하여 확인한다.
A33: ②사외적립자산을 수탁자(또는 다른 실체)가 보유하고 있는 조건에 대한 설명을 입수하고 해당자산이 사외적립자산의 정의를 충족하는지 평가한다.
A34: ③기업이 기금에 납부하여야 하는 미지급기여금과 기업이 발행한 양도불가능한 금융상품은 사외적립자산에서 제외되었음을 검토한다.
A35: ④종업원급여와 관계없는 기금부채, 신탁자산 또는 기업이 보유하는 그밖의 사외적립자산이 있다면 이는 사외적립자산에서 차감되었는지 확인한다(예: 매입채무 및 파생상품관련부채 등)
A36: (5)사외적립자산이 공정가치로 측정되었는지 확인한다.
A37: (6)보험계리인이 적용한 할인율 및 기타 재무적 정보(미래 임금상승률 등)의 적정성을 검토한다.
A38: (7)다음과 같이 보고서 상의 정보를 총계정원장과 대사한다.
A39: ①합계금액을 퇴직연금 및 그 밖의 종업원급여 계정잔액에 대한 비교표시된 요약자료와 대사한다.
A40: ②산술적 정확성을 검토한다.
A41: ③질문과 조사를 통해서 비교표시된 요약자료와 보험수리보고서 간의 조정항목이 적절한지 판단한다.
... A44: 5확정기여제도에 대한 회계처리를 검토한다.
A45: 기업의 확정기여제도의 당해 기간의 기여금 결정 및 관련문서(예: 계약서, 회의 의사록, 채용기록 등)를 입수하여 다음의 감사절차를 수행한다. | J45: A, C, E, O
A46: (1)중요성 및 고유위험을 토대로, 결정된 기여금액에 대해서 검토한다.
A47: (2)이러한 급여를 위해 이미 지급된 금액을 검토하고 잔여부채(미지급비용) 또는 자산(선급비용)을 결정한다.
A48: (3)다음 내용을 기업의 회계기록에서 검증한다.
A49: ①아직 지급되지 않은 금액(미지급비용)에 대해서 미지급비용 및 관련 비용 인식되었는지 검토한다.
A50: ②선지급된 금액은 미래 지급액이 감소하거나 현금이 환급되는 만큼을 자산(선급비용)으로 인식
A51: ③ 성격별 비용 배부내역(제조원가 ,판관비, 개발비 등)이 적정한지 검토한다.
A52: 6급여의 분석적 검토 | J52: C, O, A
A53: 월별급여명세서(부서별)를 징구하여 전기의 해당기간과 대비하고 특별한 변동사항이 있는 경우, 그 변동원인을 규명한다.
A54: 7급여와 관계된 다음의 과목이 적절하게 계상되었는가 검토한다.
A55: (1)미지급급여 및 상여 | J55: C, O, A
A56: (2)미지급된 복리후생비
A57: (3)원천세 예수금
A58: (4)제조원가 및 판매관리비 구분
A59: (5) 개발비
A60: 8연차 부여와 관련된 회사의 회계정책을 이해하고 연차수당 미지급비용 계상액의 적절성을 검토한다. | J60: C, E, A
A61: 9재무제표 공시사항의 적정성 검토(공시사항점검표 참조) | J61: C, CL, U,P
A62: 10감사결론의 기술
A64: Part 2. 추가 고려 절차
A65: 감사절차 | J65: 경영진 주장 | K65: 조서번호
A66: 1할인율 및 기타 재무적 가정의 검토시에는 다음을 참조한다.
A67: (1)다음의 절차를 고려하여 퇴직급여채무의 계산에서 사용된 할인율을 검토한다.
A68: ①(금융기관의 정보와 같은) 외부출처를 확인하거나 보고기간말 현재 우량회사채의 시장수익률에 대해서 제3자 확인서를 입수한다.
A69: ②할인율을 결정하기 위해서 사용된 회사채(또는 국공채)의 통화와 만기가 퇴직급여채무의 통화 및 예상지급시기와 일관성이 있는지 확인한다. 실무적으로 퇴직급여의 예상지급시기, 예상금액, 지급통화를 반영하는 단일 가중평균할인율을 사용할 수 있으며, 관찰가능한 회사채(또는 국공채)의 만기와 예상지급시기가 불일치하는 경우 수익율곡선을 이용하여 지급시기에 맞게 합리적으로 추정한 할인율을 적용하고 있는지 확인한다. | J69: A, C
A70: ③이자율 결정에 사용된 기준(방법)이 작년과 일관되는지를 결정하고 불일치사항들을 평가한다.
A71: ④이자원가의 계산을 검토한다(즉, 기초에 결정된 할인율을 회계기간 중 확정급여채무의 현재가치에 적용하여 산정하며, 확정급여채무의 중요한 변동이 있는 경우에는 이를 고려한다)
A72: (2) 미래의 임금상승률과 의료원가상승률, 그리고 사외적립자산의 기대수익률을 포함하여 보험수리평가에서 사용된 다른 재무상 보험수리적 가정의 합리성을 평가한다.
A73: 2확정급여제도의 손익 항목의 인식 및 인식된 자산의 적합성 검토
A74: (1)비용 또는 자본화되어 인식된 금액을 보험계리사의 평가금액과 대사하고 당기손익으로 인식되는 다음의 금액들을 재계산한다.
A75: ①당기근무원가
A76: ②과거근무원가와 정산으로 인한 손익 | J76: A, V
A77: ③순확정급여부채(자산)의 순이자
A78: (2)보고된 확정급여자산의 적합성을 평가할 때, K-IFRS 2114에 포함된 세부적인 지침이 고려되었는지 여부를 평가한다.
A79: (3)자산의 원가에 포함되는 부분은 각각의 조서와 상호 참조한다.
A80: (4)상기의 총합계 중 손익으로 인식된 부분은 기업의 회계기록과 일치하는지 대사확인한다.
A81: (5)상기 (1)에서 요구하는 항목들을 포함하여, 당기손익 항목과 관련된 K-IFRS 1019에서 요구하는 공시사항이 표시되었음을 확인한다.
A82: 3확정급여제도의 퇴직급여 지급/청구를 검토
A83: 중요성, 고유위험 및 회사의 퇴직연금/기타의 퇴직급여 제도에 대한 통제의 효과성에 기초하여, 급여의 지급 및 청구의 정확성과 완전성을 검토한다. 회사의 회계처리방법에 대한 이해에 기초하여 절차가 수정되어야 한다. 다음의 절차는 급여의 지급 및 청구의 정확성과 완전성을 평가하는 방법으로서 고려되어야 하며 해당정보가 이용가능할 때(즉, 중간 기간 또는 기말) 수행되어야 한다. 또는, 적합한 목적을 달성하기 위하여 다음의 절차를 수정하여 사용할 수 있다. | J83: A, C
A84: (1)해당 회사로부터 세부 지급 명세서를 입수하여 보고된 금액과 대사한다. 적합한 테스트 방법을 이용하여 지급된 급여 중 샘플을 증빙서류와 대사한다.
A85: (2)지급이 제3의 관리업체에 의해 이루어지고 회사는 이러한 정보에 대한 통제를 하고 있지 않다면, 회사의 서비스조직 활용에 대하여 확신을 얻기 위한 적절한 절차를 수행할 것을 고려한다.
A86: 4보험계리인이 사용한 종업원데이터가 적절한지 판단한다.
A87: 중요성, 고유위험 및 퇴직연금/기타의 퇴직후급여제도에 대한 통제의 효과성을 기초로 한 범위에서, 보험계리사가 사용한 인구조사 데이터의 정확성과 완전성을 검토한다.
A88: (1)다음을 수행하여 인구조사 데이터에서 개별 가입자 정보의 정확성을 검토한다. | J88: A
A89: ①급여대장에서 현재 근무중인 종업원을 선택하고 인사기록파일에서 해고되어 가득된 자 및 퇴직자를 선정하여 인구조사 데이터 파일에 적절하게 포함되어 있는지 대사한다.
A90: ②가입자의 인사파일에서 다음과 같은 종업원 데이터를, 제도의 조건에 따라 인구조사 데이터 파일에 적절히 대사한다.
A91: 생년월일
A92: 성별
A93: 입사일
A94: 퇴사일(해당사항이 있는 경우)
A95: 급여 또는 (시간당) 적용 임률
A96: 근무시간, 최소근무시간이 요구되는 경우
A97: 기타
A98: ③보험계리사가 계산에 사용한 기초데이터에 대하여 상기의 검토를 수행하는 대신 대체적인 절차로서, 선정한 종업원 리스트를 보험계리사에게 발송하여 해당 종업원에 대한 상기의 정보가 계산에 이용된 인구조사 데이터와 일치하는지 확인해 주도록 요청한다.
A99: (2)인구조사 데이터의 완전성을 평가하기 위하여 다음과 같이 실증적 분석절차를 수행한다.
A100: ①평가에 사용된 인구조사 데이터의 기준일에 가장 근접한 회사의 급여대장 상의 대상 인원수와 평가에 포함된 실제 가입자수 간의 인원수 조정 자료를 입수하여 검토한다. 조정 항목에 대하여 이해한다.
... A115: (1)퇴직급여제도의 조건 및 법률상 기금적립요건에 따라 요구되는 기여금이 납부되었는지 여부를 확인한다. 제도에서 요구되고 있으며 보험계리인이 가정한 종업원, 퇴직자 및 사용자 기여금이 납입되었는지 여부를 확인한다(예: 사용자의 현금지급기록, 수탁자의 보고서, 수표사본, 은행거래명세서 등을 검토하여)
A116: (2)보험계리인이 가정한 요구되는 기여금이 적절한 기간에 납부되었는지 여부를 판단한다(예: 현금지급기록이나 수탁자 보고서를 참조하여) | J116: A, C, E, O
A117: (3)기말 시점의 적절한 잔액의 인식을 포함하여, 관련된 기간 이외에 발생한 기여금의 영향을 평가한다.
A118: (4)퇴직급여제도의 측정일이 보고기간말과 다르다면, 측정일과 보고기간말 사이의 기간 동안 기여금이 납부되었는지 여부를 판단하고 재무제표 상 또는 재무제표의 공시사항으로 보고된 퇴직급여제도의 적립 상태가 이러한 기여금을 반영하여 적절히 조정되었는지 여부를 평가한다.
A119: 6제도의 개정, 축소 또는 정산이 존재할 경우 이에 대한 회계처리를 검토한다.
...

Sheet FF
A1: 실 증 절 차
A2: (FF. 제충당부채)
A4: 회사명 | C4: =A!C4 -> 0 | F4: 작성자 | G4: =A!G4 -> 0 | I4: 일자
A5: 결산일 | C5: =A!C5 -> 0 | F5: 검토자 | G5: =A!G5 -> 0 | I5: 일자
A6: 경영진 주장 :
A7: A | B7: : 정확성(Accuracy) | D7: E | E7: : 실재성(Existence) | G7: RO | H7: : 권리와 의무(Rights and obligations)
A8: C | B8: : 완전성(Completeness) | D8: O | E8: : 발생사실(Occurrence) | G8: CL | H8: : 분류(Classification)
A9: CO | B9: : 기간귀속(Cutoff) | D9: V | E9: : 평가(Valuation) | G9: U | H9: : 이해가능성(Understandability)
A10: P | B10: : 표시(Presentation)
A11: ※ 업무요령 : 조서번호 2302 감사위험의 평가(경영진 주장 수준)에서 파악된 위험과 조서번호 3100 위험에 대한 대응에 기재된 실증절차에 맞게 실증절차를 수행한다.
A13: Part 1. 절차 예시
A14: 감사절차 | J14: 경영진 주장 | K14: 조서번호
A15: 1. 제충당부채 총괄표 작성 | J15: E, C, CL
A16: 당기말 잔액은 총계정원장과 전기말잔액은 전기감사보고서와 각각 대조하고 양년도간에 특별한 변동사항이 있는 경우에는 그 원인을 규명한다.
A17: 2. 제충당부채 명세서 | J17: C, A
A18: 제충당부채 명세서를 입수하여 금액을 계산검증하고 잔액이 보조부와 일치하는지를 확인한다.
A19: 3. 제충당부채 변경 내역에 대한 검토 | J19: C, E, RO
A20: (1) 충당부채의 전체 또는 일부의 사용에 대해서 사용된 금액은 의무의 이행과 대응되는지 확인하기 위하여, 관련 증빙 문서 검토, 관련된 비용과의 대사, 지출된 비용이 당초 충당부채에서 사용되었음을 회사의 회계기록에서 확인한다.
A21: (2) 충당부채의 전체 또는 일부의 환입에 대해서 관련 사유 및 증빙 문서를 검토하고, 의무 이행을 위하여 자원이 유출될 가능성이 더 이상 높지 않은지 평가하며 환입이 관련된 손익계산서 상의 당초 비용과 동일한 계정과목에 반영되었는지 여부를 확인한다.
A22: 4. 제충당부채 완전성 확인 | J22: C
A23: 회사와 사업에 대한 지식 및 전년도 감사결과, 다른 테스트에서 입수한 감사증거 등을 통하여 회사의 제충당부채의 완전성에 대하여 검토한다.
A24: 5. 제충당부채의 산정근거의 가정/방법 이해,(소급적검토 포함) 데이터 신뢰성 및 산식의 적절성을 검토한다. | J24: V
A25: 6. 제충당부채에 대한 외부조회 | J25: A, E, C, RO
A26: 주요 거래처에 대한 채무가 중요할 경우 또는 제충당부채의 계약 조건에 대한 외부 확인이 필요할 경우 외부 확인을 수행하며 외부 확인에 대한 구체적인 절차는 Audit Guide 3320 외부조회를 참고한다.
A27: 7. 기간계산에 의하여 인식되는 계정에 대하여는 기간 계산내용을 검증한다. | J27: C, CO
A28: 8. 외화표시부채의 환산내용을 검토한다. | J28: V
A29: 9. 특수관계자와의 거래 | J29: E, CL
A30: 특수관계자와의 거래에 대한 구체적인 절차는 Audit Guide 3500 특수관계자 거래를 참고한다.
A31: 10. 재무제표 공시사항 검토(공시사항점검표 참조) | J31: C, CL, U, P
A32: 11. 감사결론의 기술
A35: Part 2. 추가 고려 절차
A36: 감사절차 | J36: 경영진 주장 | K36: 조서번호
A37: 1. 현재가치에 의한 평가의 적정성 | J37: V, A
A38: 제충당부채 중 현재가치에 의한 평가사항이 있는 경우 동 평가액과 동할인차금의 계산이 적정한지 검증하고, 관련손익계정에 반영되었는지 확인한다.
A39: 2. 감사인측 및 경영진측 전문가 수행업무의 평가 | J39: A, E, C,
A40: 감사증거로 사용될 정보가 경영진측 전문가가 수행한 업무의 도움으로 작성되거나 감사과정에서 감사인측 전문가가 수행한 업무를 활용하는 경우 Audit Guide 2131 전문가의 활용을 참조하여 평가한다. | J40: O, V
A41: 3. 제품보증충당부채의 감사절차(예시) | J41: RO, C, V,
A42: 고객에게 보증을 별도로 구매할 수 있는 선택권이 없고 약속한 보증(또는 그 일부)이 합의된 규격에 제품이 부합한다는 확신에 더하여 고객에게 용역을 제공하는 것이 아닌 확신유형 보증의 경우, 아래의 절차를 추가한다.
A43: (1) 회사의 제품보증정책에 대해 파악하고, 판매계약서․약정서 등을 검토하여 이를 확인한다. | J43: A
A44: (2) 제품보증충당부채와 관련비용계정의 변동을 검토하고, 동종업계 및 산업평균비율과 비교한다.
A45: (3) 설정비율의 타당성을 검토하고, 충당부채의 적정성을 확인한다.
A46: (4) 당기중 신규 또는 비정상적인 제품보증과 관련된 의무가 발생했는지를 검토한다.
A47: (5) 잠재적인 보증문제가 존재하는지 확인하기 위해 계약서, 내부회신문서 또는 생산보고서 등을 검토한다.
A48: (6) 보고기간종료일 이후에 거액이나 신규 또는 비정상적인 보증문제가 발생하였는지 검토한다.
A49: (7) 충당부채 설정시 제품보증과 관련하여 추가적으로 발생할 수 있는 벌과금 또는 기타비용이 존재하는지 검토한다.
A50: (8) 제품보증 클레임과 관련하여 변호사로부터 조회서의 수령여부를 고려한다.
A52: Part 3. 추가감사절차
A54: * 감사인이 상기 감사절차예시 이외의 추가절차를 수행할 경우, 아래에 해당 내용을 기재한다.
A56: 감사절차 | J56: 경영진주장 | K56: 조서번호

Sheet FFF
A1: 실 증 절 차
A2: (FFF. 기타의 비유동부채)
A4: 회사명 | C4: =A!C4 -> 0 | F4: 작성자 | G4: =A!G4 -> 0 | I4: 일자
A5: 결산일 | C5: =A!C5 -> 0 | F5: 검토자 | G5: =A!G5 -> 0 | I5: 일자
A6: 경영진 주장 :
A7: A | B7: : 정확성(Accuracy) | D7: E | E7: : 실재성(Existence) | G7: RO | H7: : 권리와 의무(Rights and obligations)
A8: C | B8: : 완전성(Completeness) | D8: O | E8: : 발생사실(Occurrence) | G8: CL | H8: : 분류(Classification)
A9: CO | B9: : 기간귀속(Cutoff) | D9: V | E9: : 평가(Valuation) | G9: U | H9: : 이해가능성(Understandability)
A10: P | B10: : 표시(Presentation)
A11: ※ 업무요령 : 조서번호 2302 감사위험의 평가(경영진 주장 수준)에서 파악된 위험과 조서번호 3100 위험에 대한 대응에 기재된 실증절차에 맞게 실증절차를 수행한다.
A13: Part 1. 절차 예시
A14: 감사절차 | J14: 경영진 주장 | K14: 조서번호
A15: 1. 기타의 비유동부채 총괄표 작성 | J15: E, C, CL
A16: 당기말 잔액은 총계정원장과 전기말잔액은 전기감사보고서와 각각 대조하고 양년도간에 특별한 변동사항이 있는 경우에는 그 원인을 규명한다.
A17: 2. 기타의 비유동부채 명세서 | J17: C, A
A18: 기타의 비유동부채 명세서를 입수하여 금액을 계산검증하고 잔액이 보조부와 일치하는지를 확인한다.
A19: 3. 기타의 비유동부채의 완전성 확인 | J19: C
A20: 회사와 사업에 대한 지식 및 전년도 감사결과, 다른 테스트에서 입수한 감사증거 등을 통하여 회사의 기타의 비유동부채의 완전성에 대하여 검토한다.
A21: 4. 기타의 비유동부채에 대한 외부조회 | J21: A, E, C, RO
A22: 주요 거래처에 대한 채무가 중요할 경우 외부 확인을 수행하며 외부 확인에 대한 구체적인 절차는 Audit Guide 3320 외부조회를 참고한다.
A23: 5. 기간계산에 의하여 인식되는 계정에 대하여는 기간 계산내용을 검증한다. | J23: C, CO
A24: 6. 외화표시부채의 환산내용을 검토한다. | J24: V
A25: 7. 특수관계자와의 거래 | J25: E, CL
A26: 특수관계자와의 거래에 대한 구체적인 절차는 Audit Guide 3500 특수관계자 거래를 참고한다.
A27: 8. 재무제표 공시사항 검토(공시사항점검표 참조) | J27: C, CL, U, P
A28: 9. 감사결론의 기술
A31: Part 2. 추가 고려 절차
A32: 감사절차 | J32: 경영진 주장 | K32: 조서번호
A33: 1. 현재가치에 의한 평가의 적정성 | J33: V, A
A34: 기타의 비유동부채중 현재가치에 의한 평가사항이 있는 경우 동 평가액과 동할인차금의 계산이 적정한지 검증하고, 관련손익계정에 반영되었는지 확인한다.
A35: 2. 감사인측 및 경영진측 전문가 수행업무의 평가 | J35: A, E, C,
A36: 감사증거로 사용될 정보가 경영진측 전문가가 수행한 업무의 도움으로 작성되거나 감사과정에서 감사인측 전문가가 수행한 업무를 활용하는 경우 Audit Guide 2131 전문가의 활용을 참조하여 평가한다. | J36: O, V
A38: Part 3. 추가감사절차
A40: * 감사인이 상기 감사절차예시 이외의 추가절차를 수행할 경우, 아래에 해당 내용을 기재한다.
A42: 감사절차 | J42: 경영진주장 | K42: 조서번호

Sheet TUL
A1: 실 증 절 차
A2: (TUL. 부외부채)
A4: 회사명 | C4: =A!C4 -> 0 | F4: 작성자 | G4: =A!G4 -> 0 | I4: 일자
A5: 결산일 | C5: =A!C5 -> 0 | F5: 검토자 | G5: =A!G5 -> 0 | I5: 일자
A6: 경영진 주장 :
A7: A | B7: : 정확성(Accuracy) | D7: E | E7: : 실재성(Existence) | G7: RO | H7: : 권리와 의무(Rights and obligations)
A8: C | B8: : 완전성(Completeness) | D8: O | E8: : 발생사실(Occurrence) | G8: CL | H8: : 분류(Classification)
A9: CO | B9: : 기간귀속(Cutoff) | D9: V | E9: : 평가(Valuation) | G9: U | H9: : 이해가능성(Understandability)
A10: P | B10: : 표시(Presentation)
A11: ※ 업무요령 : 조서번호 2302 감사위험의 평가(경영진 주장 수준)에서 파악된 위험과 조서번호 3100 위험에 대한 대응에 기재된 실증절차에 맞게 실증절차를 수행한다.
A13: Part 1. 절차 예시
A14: 감사절차 | J14: 경영진 주장 | K14: 조서번호
A15: 1. 어음수표에 대한 부외부채 확인 | J15: RO, C, V
A16: (1) 어음수표 총괄표 확인
A17: 회사로부터 거래은행별로 다음 내용이 포함된 어음수표총괄표를 징구하고, 어음수표관리대장과 일치하는지 확인한다.
A18: - 거래은행명
A19: - 전기말 미사용 내역(번호 및 매수)
A20: - 어음수표구입상황(구입일자, 매수, 번호)
A21: - 발행상황(발행번호 및 매수)
A22: - 폐기내용(작성시 오기, 담보제공어음 회수등)
A23: - 미사용 내역(번호 및 매수)
A24: - 누락번호 및 매수
A25: (2) 어음수표 수불 Test
A26: 어음․수표별 당기 사용매수에 대한 총괄적검증 결과 불일치의 경우 (A)>(B) 부외부채가능성이 있으므로 주의한다.
B27: 전기 미사용수량 | F27: 회계장부상 발행수량
B28: (+)당기중교부받은수량 | F28: (+)비망기록상 발행수량
B29: (-)기말 미사용수량 | F29: (+)폐기 수량
B30: (A)당기 어음․수표사용수량 | F30: (B)당기 어음․수표사용수량
A32: - 전기말 미사용내역：전기말 Cut-off 자료, 어음수표부본, 발행대장등과 대조 확인
A33: - 당기 교부받은 내역：은행별로 은행조회서 또는 은행보관 어음수표 교부대장사본과 비교확인(중도해지 은행을 포함하여야함)
A34: - 당기 발행내역 :
A35: ① 회사의 어음수표 발행대장, 회계장부기록, 또는 어음수표부본과 대조확인(지급어음, 단기차입등 금융어음)
A36: ② 비망기록(융통어음, 담보견질어음수표, 대여어음)을 검토하여 감사일현재 회수된 것은 실물을 확인하고 미회수된 것은 보관증을 확인대조하거나 상대채권자에 조회 확인.
A37: - 폐기내역：실물확인하거나 은행보고용 자료에 의해 확인
A38: - 미사용내역：현물을 실사하거나 어음수표발행대장과 어음수표부본을 개별대조 확인
A39: - 은행조회서에서 미회수어음수표내역이 확인되는 경우에는 그 미회수내용을 규명함으로서 위에 기술한 중복되는 절차를 생략 가능
A40: - 자가어음 발행의 경우：은행도어음 이외에 자가어음을 발행하는 경우도 상기 절차에 준하여 추가적으로 부외부채 발생가능성 검토
A41: 2. 결산일 전후의 자금거래내역 파악 | J41: RO, C, V, A
A42: 결산일 이후 감사보고서일과 근접한 일자까지 발생한 지급거래에 대하여 부채로 미반영된 사항이 있는지 여부를 확인한다.
A43: 3. 감사결론의 기술
A46: Part 2. 추가 고려 절차
A47: 감사절차 | J47: 경영진 주장 | K47: 조서번호
A48: 1. 은행조회서 또는 은행연합회 자료상의 확정지보금액과 회사의 수입업무와 관련하여 발생한 채무(L/C관련 매입채무와 단기차입금에 포함된 수입관련 채무) 계상액을 비교하고 차이의 원인을 분석한다. | J48: RO, C
A49: 2. D/A, D/P 조건의 매입채무의 경우에는 은행조회서로 확인할 수 없다. D/A, D/P 조건의 매입채무의 부외부채 유무를 확인하기 위해서는 보고기간종료일 이후의 매입송장, B/L(선하증권) 등을 개관하여 선적일 등을 검토하는 등의 다른 절차를 수행하여야 한다. | J49: RO, C
A50: 3. 가계정(가지급․가수금)의 내용 | J50: RO, C
A51: 가계정의 발생․결재사항을 검토하여 개인사채의 차입여부를 판단하고 기말잔액에 지급이자와 관련된 금액이 포함되었는지의 여부를 확인한다.
A52: 4. 차입금 이외의 지급이자 검토 | J52: C
A53: 지급이자나 영업외비용의 잡계정등의 보조부 내역을 검토하여 회사장부에 반영된 차입금 이외의 지급이자 등으로 부외부채 유무를 확인한다.
A54: 5. 파생상품거래내역에 대하여 담당부서의 거래기록부를 조사확인하고 기말현재 부채로 계상될 거래누락 여부를 검토한다. | J54: RO, C
A55: 6. 보고기간종료일을 전후하여 몇일간의 기간동안 은행간에 주요한 거래가 있는지 여부를 검토하고, 주요거래에 대한 사유를 확인한다. | J55: C
A56: 7. 은행으로부터 결산일 전후 일주일 가량의 은행거래내역이 기록된 당좌거래명세서(당좌원장사본)를 입수하여 예금의 입출금에 대한 기간귀속의 적정성을 검토하라. | J56: C, CO
A58: Part 3. 추가감사절차
A60: * 감사인이 상기 감사절차예시 이외의 추가절차를 수행할 경우, 아래에 해당 내용을 기재한다.
A62: 감사절차 | J62: 경영진주장 | K62: 조서번호

Sheet CL
A1: 실 증 절 차
A2: (CL. 우발부채 및 약정사항)
A4: 회사명 | C4: =A!C4 -> 0 | F4: 작성자 | G4: =A!G4 -> 0 | I4: 일자
A5: 결산일 | C5: =A!C5 -> 0 | F5: 검토자 | G5: =A!G5 -> 0 | I5: 일자
A6: 경영진 주장 :
A7: A | B7: : 정확성(Accuracy) | D7: E | E7: : 실재성(Existence) | G7: RO | H7: : 권리와 의무(Rights and obligations)
A8: C | B8: : 완전성(Completeness) | D8: O | E8: : 발생사실(Occurrence) | G8: CL | H8: : 분류(Classification)
A9: CO | B9: : 기간귀속(Cutoff) | D9: V | E9: : 평가(Valuation) | G9: U | H9: : 이해가능성(Understandability)
A10: P | B10: : 표시(Presentation)
A11: ※ 업무요령 : 조서번호 2302 감사위험의 평가(경영진 주장 수준)에서 파악된 위험과 조서번호 3100 위험에 대한 대응에 기재된 실증절차에 맞게 실증절차를 수행한다.
A13: Part 1. 절차 예시
A14: 감사절차 | J14: 경영진 주장 | K14: 조서번호
A15: 1. 우발부채 및 약정사항 명세서의 입수 | J15: E, C, CL
A16: 모든 유의한 우발부채 및 약정사항 명세서를 입수하여 다음의 절차를 수행한다. 여기에는 해당된다면 전기 재무상태표 상의 대응되는 금액 및 전기에 존재하였던 약정을 포함한다.
A17: (1) 명세서의 산술적 정확성을 테스트한다.
A18: (2) 중요한 우발부채를 초래하는 사건이나 상황에 관하여 경영진에 대하여 질문하고 각각의 논의된 사항들에 대하여 문서화한다.
A19: 2. 우발부채 및 약정사항의 완전성 검토 | J19: C
A20: 다음사항을 참조하여 기말현재의 우발부채 및 약정사항의 완전성을 검토한다.
A21: (1) 회사의 거래 금융기관으로부터 받은 외부조회서
A22: (2) 주총, 이사회 등의 의사록에 대한 검토 내용
A23: (3) 은행연합회 기업신용정보자료
A24: (4) 소송과 배상청구에 대한 회사의 내·외부 법률고문과의 커뮤니케이션. 소송과 배상청구에 대한 구체적인 절차는 Audit Guide 3301 감사증거-특정항목에 대한 구체적인 고려사항를 참고한다.
A25: (5) 회사의 인감 날인부
A26: (6) 회사의 차입금, 지급보증, 파생상품 등 금융상품계약 및 장기매입(확정)계약서에 대한 검토 내용
A27: 3. 우발부채 계상의 적정성 | J27: A, C, V
A28: (1) 우발부채중 확정채무화 될 것이 확실하고 그 손실금액을 예측할 수 있는 것에 대해서는 부채로 계상되었는지를 검토한다
A29: (2) 필요한 경우에는 보증채무, 보증예약 등에 대하여 상대 거래처에게 직접 확인
A30: (3) 제조물책임, 환경문제 등을 원인으로 하는 우발부채를 고려할 필요가 없는가를 검토
A31: (4) 경영지도각서와 같은 보증에 준하는 우발부채의 원인으로 될 가능성이 있는 행위를 하고 있지 않은가에 대하여 경영자에 대한 질문
A32: (5) 보고기간 후에 입수한 정보가 재무제표에 이미 인식된 금액에는 영향을 미치지 않으나 재무제표의 공시 내용의 수정 필요성 검토
A33: 4. 서면진술서 | J33: C, V, CL, U
A34: 보고기간종료일 현재의 우발부채(부표내용 포함) 및 약정사항에 대하여는 서면진술서에 기재(모든 부채의 완전성에 관한 사항을 포함)하여 책임자의 서명 날인을 받는다.
A35: 5. 특수관계자 거래 | J35: E, CL
A36: 특수관계자와의 거래에 대한 구체적인 절차는 Audit Guide 3500 특수관계자 거래를 참고한다.
A37: 6. 재무제표 공시사항의 적정성 검토(공시사항점검표 참조) | J37: C, CL, U, P
A38: 7. 감사결론의 기술
A41: Part 2. 추가 고려 절차
A42: 감사절차 | J42: 경영진 주장 | K42: 조서번호
A43: 1. 매출채권의 양도, 할인 | J43: V, CL
A44: 매출채권의 양도(어음의 배서) 또는 할인 내용을 확인하기 위해 관계책임자에게 질문 또는 매출채권 계정을 검토하여 감소(어음은 만기일전)된 내용을 검토하고 회계처리의 적정정을 검토한다.
A45: 2. 파생상품거래 | J45: RO, CL
A46: 선물거래, 선물환거래, 스왑거래 등의 내용을 파악하고 선물거래손익, 미결제잔액을 선물계약부서의 보조부를 조사하여 회계처리 및 공시의 적정성을 ‘파생상품’과 연계하여 검토한다.
A47: 3. 소송과 배상청구 | J47: RO, O, C, CL
A48: (1) 소송과 배상청구 항목의 완전성을 확인하기 위해 다음 절차를 수행한다.
A49: ① 경영진, 그리고 해당되는 경우 내부 법률고문 등 기업 내부의 다른 인원에게 질문함.
A50: ② 지배기구의 회의록 및 기업과 외부 법률고문간의 왕복문서를 검토함.
A51: ③ 법률비용 계정을 검토함.
A52: (2) 외부 법률고문과의 커뮤니케이션
A53: 식별된 소송과 배상청구에 관하여 감사인이 중요왜곡표시위험이 있다고 평가한 경우 또는 감사절차를 수행한 결과 그 밖의 중요한 소송과 배상청구가 존재할 가능성이 나타나는 경우 다음과 같은 외부 법률고문과의 커뮤니케이션을 수행한다.
A54: ① 조회서 발송
A55: ② 외부 법률고문과의 직접 커뮤니케이션
A56: ③ 법규 또는 관련 법률전문직 단체에 의해 감사인과 외부 법률 고문간의 직접적인 커뮤니케이션이 금지된 경우에는 대체적인 감사절차를 수행
A57: (3) 감사인은 다음의 모두에 해당되는 경우 감사보고서의 의견을 변형시킨다.
A58: ① 감사인이 외부 법률고문과 커뮤니케이션을 하거나 만나는 것을 경영진이 거부함. 또는 외부 법률고문이 질의서에 대한 적절한 답변을 거부하거나 답변이 금지됨.
A59: ② 감사인이 대체적인 감사절차를 통하여는 충분하고 적합한 감사증거를 얻을 수 없음.
... A63: (5) 변호사조회서 회신결과 등을 검토하여 재무제표상에 공시하거나 우발부채로 계상하여야 하는지 검토한다.
A64: 4. 담보제공 및 지급보증채무에 대한 검토 | J64: RO, C
A65: (1) 이사회 의사록 등과 대조 확인
A66: (2) 회사의 인감대장 등을 열람하여 기록되지 아니한 담보제공 및 지급보증채무 여부를 검토
A67: (3) 어음. 수표 검토를 통하여 견질 등으로 제공된 어음/수표 중 지급보증 관련 어음/수표의 발행이 없는지를 확인(모든 견질어음/수표의 용도를 기재하여 관련 채무, 보증 또는 거래와 확인하여야 함)
A68: (4) 관계회사 등의 재무상태 등을 검토하여 담보제공 및 지급보증 가능성을 검토하고 필요한 경우 당해 관계회사로부터 확인서를 입수
A69: (5) 은행연합회 기업신용정보 자료와 대사하여 차이내역 검토
A70: 5. 약정사항중 회사에 손실을 발생시킬수 있는 다음 내용을 검토한다. | J70: RO, C
A71: (1) 중요판매계약(공사도급계약 포함), 수출관련서류를 검토하고 관계책임자에게 질문하여 클레임의 발생사실 및 발생가능성
A72: (2) 중요구매계약을 검토하여 가격 및 기타조건에 있어 회사에게 불리한 조건의 유무
A73: 6. 감사인측 및 경영진측 전문가 수행업무의 평가 | J73: A, E, C,
A74: 감사증거로 사용될 정보가 경영진측 전문가가 수행한 업무의 도움으로 작성되거나 감사과정에서 감사인측 전문가가 수행한 업무를 활용하는 경우 Audit Guide 2131 전문가의 활용을 참조하여 평가한다. | J74: O, V
A76: Part 3. 추가감사절차
A78: * 감사인이 상기 감사절차예시 이외의 추가절차를 수행할 경우, 아래에 해당 내용을 기재한다.
A80: 감사절차 | J80: 경영진주장 | K80: 조서번호

Sheet GG
A1: 실 증 절 차
A2: (GG. 자본)
A4: 회사명 | C4: =A!C4 -> 0 | F4: 작성자 | G4: =A!G4 -> 0 | I4: 일자
A5: 결산일 | C5: =A!C5 -> 0 | F5: 검토자 | G5: =A!G5 -> 0 | I5: 일자
A6: 경영진 주장 :
A7: A | B7: : 정확성(Accuracy) | D7: E | E7: : 실재성(Existence) | G7: RO | H7: : 권리와 의무(Rights and obligations)
A8: C | B8: : 완전성(Completeness) | D8: O | E8: : 발생사실(Occurrence) | G8: CL | H8: : 분류(Classification)
A9: CO | B9: : 기간귀속(Cutoff) | D9: V | E9: : 평가(Valuation) | G9: U | H9: : 이해가능성(Understandability)
A10: P | B10: : 표시(Presentation)
A11: ※ 업무요령 : 조서번호 2302 감사위험의 평가(경영진 주장 수준)에서 파악된 위험과 조서번호 3100 위험에 대한 대응에 기재된 실증절차에 맞게 실증절차를 수행한다.
A13: Part 1. 절차 예시
A14: 감사절차 | J14: 경영진 주장 | K14: 조서번호
A15: 1. 자본계정의 총괄표 작성 | J15: E, C, CL
A16: 당기말잔액은 총계정원장과 전기말잔액은 전기감사보고서와 각각 대조하고, 양년도간 특별한 변동이유를 규명한다.
A17: 2. 자본계정의 명세서 | J17: C, A
A18: 기초잔액, 증가, 감소 및 기말잔액, 수권주식수 및 기말 현재 발행주식수, 주당 액면가액 등을 포함하여, 주식 종류별로 구분된 자본 계정에 대한 명세서를 입수하여 금액을 계산검증하고 잔액이 보조부와 일치하는지 확인한다.
A19: 3. 자본금 변동사항에 대하여 관련 증빙과 대조 확인하고 회계처리의 적정성을 확인한다. | J19: E, C, V
A20: 4. 자본잉여금 변동사항에 대하여 관련 증빙과 대조 확인하고 회계처리의 적정성을 확인한다. | J20: E, C, V
A21: 5. 기타포괄손익누계액(기타포괄손익-공정가치측정 금융자산 평가손익, 해외사업환산손익, 현금흐름위험회피 파생상품평가손익 등) 항목에 대한 금액의 정확성 및 회계처리의 적정성을 확인한다. | J21: V, A
A22: 6. 주당이익(손실)의 계산을 검증한다. | J22: A, U
A23: (희석증권이 있는 경우 희석화 여부를 판단하라)
A24: 7. 재무제표 표시사항 검토 | J24: CL, U, P
A25: (1) 납입자본과 적립금을 자본금, 주식발행초과금, 적립금 등과 같은 분류로 세분화
A26: (2) 주당이익(손실)(공개기업이나 상장절차를 진행하고 있는 기업이 아닌 경우 주당이익을 공시하지 않을 수 있음)
A27: 8. 재무제표 공시사항의 적정성 검토(공시사항점검표 참조) | J27: C, CL, U, P
A28: 9. 감사결론의 기술
A30: Part 2. 추가 고려 절차
A31: 감사절차 | J31: 경영진 주장 | K31: 조서번호
A32: 1. 자본금 | J32: E, C, V
A33: (1) 증자가 있는 경우 수권자본범위, 입금기록(유상증자), 등기부등본을 확인
A34: (2) 감자가 있는 경우 적법성과 감자차손익의 적정성을 확인하고 등기부등본 확인
A35: (3) 현물출자일 경우 공정가액평가와 회계처리의 적정성 확인
A36: (4) 신주청약증거금, 청약미수금이 있는 경우 관련 증빙과 대조 확인
A37: (5) 정관 및 법인등기부등본을 입수하여 자본계정의 내역을 확인
A38: (6) 주주명부나 주식대장을 검토하여 기중 자본의 변동상황을 확인
A39: 2. 자본잉여금 | J39: E, C, V
A40: (1) 자본잉여금 내용 및 증감사항의 타당성을 검토
A41: (2) 전환증권의 발행 및 전환 등에 대한 회계처리의 적정성을 검토
A42: 3. 이익잉여금 | J42: E, C, V
A43: 이익잉여금 증감사항의 타당성 확인을 위해 전기 및 당기의 이익잉여금처분계산서를 검토하고, 다음 절차를 수행한다.
A44: (1) 임의적립금이입액, 결손금처리액 및 이익잉여금 처분에 따른 증감내역에 대한 주주총회 승인 여부 확인
A45: (2) 법령에 따라 적립되는 이익잉여금의 관련법규 준수여부 확인
A46: (3) 현금배당 및 주식배당에 관한 승인 및 관련 세부자료를 검토하고, 배당금액의 계산을 검증하라. 법규, 차입약정서 및 기타 증서 등에 의한 제약사항을 검토하라. 또한 이러한 배당 등이 처분가능한 이익(배당 가능이익등)으로부터 이루어진 것인가를 검토하라.
A47: (4) 기타 이익잉여금의 변동사항의 타당성 검토
A48: (5) (상장회사의 경우) 이익잉여금처분계산서의 배당내용과 공시된 배당정보가 일치하는지 확인한다.
A50: 4. 자기주식의 취득 | J50: E, RO, V
A51: (1) 취득경위, 향후처리계획, 질권 기타 담보제공여부(보관증확인 또는 조회확인)
A52: (2) 자기주식 취득대가의 실제 지불 및 회계처리 여부
A53: (3) 주식소각을 목적으로 취득한 경우에는 실사
A54: 5. 회계기간중 주식기준보상(Share-based Payment)약정이 부여된 경우 이에 대한 내용을 정관, 주주총회 또는 의사회 의사록, 법인등기부등본 및 관련 약정서를 통하여 파악하고, 주식기준보상 약정의 부여, 행사 및 소멸 그리고 관련비용의 회계처리가 적절하게 이루어지고 있는지를 검토한다. | J54: E, RO, V, A
A55: 6. 금융상품의 특성의 변경으로 인하여 부채에서 자본으로(또는 이와는 반대로) 계정재분류가 이루어져야 하는 경우 이러한 회계처리의 적합성을 고려한다. | J55: CL, U
A57: Part 3. 추가감사절차
A59: * 감사인이 상기 감사절차예시 이외의 추가절차를 수행할 경우, 아래에 해당 내용을 기재한다.
A61: 감사절차 | J61: 경영진주장 | K61: 조서번호

Sheet P
A1: 실 증 절 차
A2: (P. 매출 및 기타수익)
A4: 회사명 | C4: =A!C4 -> 0 | F4: 작성자 | G4: =A!G4 -> 0 | I4: 일자
A5: 결산일 | C5: =A!C5 -> 0 | F5: 검토자 | G5: =A!G5 -> 0 | I5: 일자
A6: 경영진 주장 :
A7: A | B7: : 정확성(Accuracy) | D7: E | E7: : 실재성(Existence) | G7: RO | H7: : 권리와 의무(Rights and obligations)
A8: C | B8: : 완전성(Completeness) | D8: O | E8: : 발생사실(Occurrence) | G8: CL | H8: : 분류(Classification)
A9: CO | B9: : 기간귀속(Cutoff) | D9: V | E9: : 평가(Valuation) | G9: U | H9: : 이해가능성(Understandability)
A10: P | B10: : 표시(Presentation)
A11: ※ 업무요령 : 조서번호 2302 감사위험의 평가(경영진 주장 수준)에서 파악된 위험과 조서번호 3100 위험에 대한 대응에 기재된 실증절차에 맞게 실증절차를 수행한다.
A13: Part 1. 절차 예시
A14: 감사절차 | J14: 경영진 주장 | K14: 조서번호
A15: 1. 회계정책을 이해하고 평가함 | J15: O, A, CL
A16: (1) 새로운 수익 인식 기준에 따라서 수익(반품, 할인, 충당금 등의 수익 차감 항목 포함), 계약자산, 계약부채를 인식하고 기록하는 회사의 회계정책을 이해한다. (2) 수익 인식의 적합성을 평가하는 경영진의 프로세스를 이해한다. (3) 회계정책이 이전 보고기간과 일관성이 있는지 확인한다. (4) 회사의 회계정책은 해당 재무보고 체계 및 회사의 사업과 산업의 성격에 대한 이해에 비추어 적합한지 평가한다.
A17: 2. 매출액 비교분석표 작성 | J17: O, A, CL
A18: 당기 금액은 총계정원장과 전기 금액은 전기감사보고서와 각각 대조하고 양년도간에 특별한 변동사항이 있는 경우에는 그 원인을 규명한다.
A19: 3. 매출액명세서 및 부가가치세신고서의 입수 | J19: O, A
A20: 수익종류별, 월별 또는 지역별 매출액명세서의 잔액이 보조부와 일치하는지를 확인하고 부가가치세신고서와 대조, 계산의 정확성을 검증한다.
A21: 감사절차 | J21: 경영진 주장 | K21: 조서번호
A22: 4. 분석적 검토 | J22: O, C, A
A23: 최근 2-3년간 손익계산서에 대한 다음의 분석적검토를 실시한다.
A24: (1) 매출액의 내용별 구성비율의 분석
A25: (2) 매출액과 판매비(운반비, 수출비, 판매수수료등)와의 비교분석
A26: (3) 월별매출액의 비교분석
A27: (4) 매출총이익율의 분석
A28: (5) 매출액 대비 환입, 에누리, 할인등의 비교분석
A29: (6) 재무비율의 추이를 분석하고 결과치를 산업평균과 경쟁사와 비교
A30: (7) 월별 또는 분기별 예산과 실제 매출액을 비교하고, 중요한 차이에 대한 검토
A31: (8) 결산일 전후 수일간의 매출액을 당해연도 평균 일일 매출액과 비교
A32: (9) 당기의 월별 판매단가자료를 입수하여 추세를 분석하고, 전기의 평균판매단가와 비교
A33: 5. 거래형태별 수익인식기준의 타당성을 검토한다. | J33: O, C, A, CL
A34: 5-1. 수익회계기준서(K-IFRS 제1115호)에서 제시한 5단계 수익인식모형에 따른 수익인식조건을 검토한다. (4000P-1 조서를 작성한다.) 5-2. 기간에 걸쳐 인식하는 매출(지적재산권의 라이선스 포함)이 있는 경우 Part 2 또는 4000P-1의 관련 절차를 추가 고려한다. | J34: O
A35: 6. 결산일 직전․후의 거래에 대하여 실증절차(인수(검수)증, BL원장 등 증빙확인 등)를 수행하여 기간귀속의 적정성을 확인한다. | J35: C, A,CO
A36: 6-1. 기중 회사의 거래내역을 분석하여 매출의 발생사실을 확인한다. | J36: O
A37: 7. 기타수익의 적정성 | J37: O, A
A38: 기타수익의 종류별, 월별 또는 지역별 명세서의 잔액이 보조부와 일치하는지를 확인한다.
A39: 8. 특수관계자와의 거래 | J39: O, CL
A40: 관계회사등 특수관계자와의 거래유무를 확인하고, 거래가 있으면 이해관계없는 제3자와의 거래와 같이 정당하고 공정하게 이루어졌는가를 검토한다. 특수관계자와의 거래에 대한 구체적인 절차는 Audit Guide 3500 특수관계자 거래를 참고한다.
A41: 9. 재무제표 공시사항 검토(공시사항점검표 참조) | J41: CL, P
A42: 10. 감사결론의 기술
A44: Part 2. 추가 고려 절차
A45: 감 사 절 차 | J45: 경영진 주장 | K45: 조서번호
A46: 1. 수익인식기준의 유형별 검토 | J46: O, C, A, CL
A47: (1) 거래이후에도 판매자가 관련 재화의 소유에 따른 위험을 부담하는 경우 수익인식의 적정성(반품추정액의 적정성 포함)과 관련된 자산 및 부채(반환제품회수권, 환불부채)의 회계처리(총액법) 적정성을 검토한다.
A48: (2) 특수판매(위탁판매, 할부판매, 예약판매, 시용판매, 도급공사등)가 있는 경우 미실현이익의 계상여부를 검토한다.
A49: (3) 매출에누리, 매출환입, 매출할인, 판매장려금 등의 기간귀속의 적정성을 검토하고, 매출액의 차감항목으로 회계처리 되었는지를 검토한다.
A50: (4) 수주산업에 대한 매출이 있는 경우 아래의 감사절차를 수행한다.
A51: 가. 공사기본정보 문서화
A52: - 공사의 개요과 주요계약조건을 문서화 한다.
A53: 나. 회계정책의 검토
A54: - 공사진행율 산정방법에 대한 회계정책을 파악한다.
A55: - 공사계약/분양계약의 내용이 진행기준 적용대상요건을 만족하는지 검토한다.
A56: 다. 계약금액의 적정성 확인
A57: - 계약 명세를 수령하고 계약서를 통하여 계약금액의 적정성을 확인한다.
A58: - (분양계약시추가)분양계약서 등을 통하여 분양계약금액과 분양율의 적정성을 확인한다.
... A82: (5) 미인도청구(Bill and hold) 거래를 검토한다.
A83: 2. 내부거래의 제거 | J83: A
A84: 내부거래가 있는 경우 내부거래금액과 내부미실현이익은 적절히 상계제거되었는가 검토한다.
A86: Part 3. 추가감사절차
A88: * 감사인이 상기 감사절차예시 이외의 추가절차를 수행할 경우, 아래에 해당 내용을 기재한다.
A90: 감사절차 | J90: 경영진주장 | K90: 조서번호

Sheet Q
A1: 실 증 절 차
A2: (Q. 매출원가, 제조원가)
A4: 회사명 | C4: =A!C4 -> 0 | F4: 작성자 | G4: =A!G4 -> 0 | I4: 일자
A5: 결산일 | C5: =A!C5 -> 0 | F5: 검토자 | G5: =A!G5 -> 0 | I5: 일자
A6: 경영진 주장 :
A7: A | B7: : 정확성(Accuracy) | D7: E | E7: : 실재성(Existence) | G7: RO | H7: : 권리와 의무(Rights and obligations)
A8: C | B8: : 완전성(Completeness) | D8: O | E8: : 발생사실(Occurrence) | G8: CL | H8: : 분류(Classification)
A9: CO | B9: : 기간귀속(Cutoff) | D9: V | E9: : 평가(Valuation) | G9: U | H9: : 이해가능성(Understandability)
A10: P | B10: : 표시(Presentation)
A11: ※ 업무요령 : 조서번호 2302 감사위험의 평가(경영진 주장 수준)에서 파악된 위험과 조서번호 3100 위험에 대한 대응에 기재된 실증절차에 맞게 실증절차를 수행한다.
A13: Part 1. 절차 예시
A14: 감사절차 | J14: 경영진 주장 | K14: 조서번호
A15: 1. 매출원가 비교분석표 작성 | J15: C, O, CL
A16: (1) 전기의 매출원가 금액은 전기감사보고서와 대조하고, 기초재고액과 당기매입액(또는 당기제조원가) 및 기말재고액은 재고자산조서와 연결한다.
A17: (2) 총괄표상의 계산의 정확성을 검증한다.
A18: (3) 전기말 대비 당기말 잔액의 변동내역을 확인하고 양년도간 특별한 변동사항은 그 원인을 규명한다.
A19: 2. 매출원가와 매출액을 전기와 비교하여 매출이익률의 변동이 큰 경우에는 그 원인을 조사한다. | J19: C, A
A20: 3. 매출원가의 구성을 검토 | J20: A
A21: (1) 타계정에서 대체된 내용과 타계정으로 대체된 명세서를 입수하여 그 처리의 적정성을 검토
A22: (2) 관세환급금등 매출원가에서 차감할 사항의 유무를 검토
A23: (3) 중요한 타계정 금액에 대해서는 금액적 중요성 및 발생원천을 고려하여 관련 증빙의 적정성을 검증
A24: 4. 원가계산방법의 타당성 | J24: A
A25: 회사가 채택하고 있는 원가계산제도에 따른 원가계산 방법이 타당한가를 검토한다.(원가계산관계서류 징구)
A26: 5. 제조원가명세서의 적정성 | J26: O, C, A
A27: 전기 대비 제조원가명세서를 징구하여 제조원가 명세서의 구성항목과 제조원가에서 각각의 원재료비, 노무비, 경비가 차지하는 비중이 적절한지에 대하여 검토한다.
A28: 6. 제조원가항목의 분석적검토 | J28: O, C, A
A29: 제조원가 각 항목의 월별 변동사항을 검토하고, 전기와도 비교하여 그 변동의 타당성을 확인
A30: 7. 보고기간종료일 직전․후의 거래를 분석하여 기간귀속의 적정성을 확인한다. | J30: C, CO
A31: 8. 특수관계자 거래 | J31: E, CL
A32: 특수관계자와의 거래에 대한 구체적인 절차는 Audit Guide 3500 특수관계자 거래를 참고한다.
A33: 9. 재무제표 공시사항 검토(공시사항점검표 참조) | J33: C, CL, U, P
A34: 10. 감사결론의 기술
A35: Part 2. 추가 고려 절차
A36: 감사절차 | J36: 경영진 주장 | K36: 조서번호
A37: 1. 제조원가명세서의 적정성 | J37: O, C, A
A38: 전기 대비 제조원가명세서를 징구하여 다음의 감사절차를 수행한다.
A39: (1) 원가구성비율등을 제조원가 요소별로 전기와 대비하여 적정성을 검토하고 비정상적인 거래에 대해서는 증빙대조하여 그 타당성을 확인한다.
A40: (2) 보조부 및 총계정원장과 대조하고 보조부를 개관하여 특이한 금액이 있으면 증빙을 검토한다.
A41: (3) 제조원가와 판매관리비와의 구분기준을 검토하며, 배부된 간접비를 관련 증빙과 비교하고 계산을 검증한다.
A42: (4) 제조원가중 재무상태표와 연결되는 부분을 검토한다.
A43: (5) 타계정에서 대체된 내용과 타계정으로 대체된 명세서를 입수하여 그 처리의 적정성을 검토한다.
A44: (6) 매입량과 판매량을 비교하고, 비경상적이거나 중요한 변동을 조사하고 직접재료비 요소에 적용된 매입가격을 구매주문서, 구매송장 등 이용가능한 증거를 통해 확인한다.
A45: (7) 재고자산평가손실과 감모손실이 매출원가에 반영되었는지 검토한다.
A47: Part 3. 추가감사절차
A49: * 감사인이 상기 감사절차예시 이외의 추가절차를 수행할 경우, 아래에 해당 내용을 기재한다.
A51: 감사절차 | J51: 경영진주장 | K51: 조서번호

Sheet R
A1: 실 증 절 차
A2: (R. 판매비와관리비)
A4: 회사명 | C4: =A!C4 -> 0 | F4: 작성자 | G4: =A!G4 -> 0 | I4: 일자
A5: 결산일 | C5: =A!C5 -> 0 | F5: 검토자 | G5: =A!G5 -> 0 | I5: 일자
A6: 경영진 주장 :
A7: A | B7: : 정확성(Accuracy) | D7: E | E7: : 실재성(Existence) | G7: RO | H7: : 권리와 의무(Rights and obligations)
A8: C | B8: : 완전성(Completeness) | D8: O | E8: : 발생사실(Occurrence) | G8: CL | H8: : 분류(Classification)
A9: CO | B9: : 기간귀속(Cutoff) | D9: V | E9: : 평가(Valuation) | G9: U | H9: : 이해가능성(Understandability)
A10: P | B10: : 표시(Presentation)
A11: ※ 업무요령 : 조서번호 2302 감사위험의 평가(경영진 주장 수준)에서 파악된 위험과 조서번호 3100 위험에 대한 대응에 기재된 실증절차에 맞게 실증절차를 수행한다.
A13: Part 1. 절차 예시
A14: 감사절차 | J14: 경영진 주장 | K14: 조서번호
A15: 1. 판매비와 관리비 총괄표 작성 | J15: C, O, CL
A16: 당기 금액은 총계정원장과, 전기 금액은 전기감사보고서와 각각 대조하고, 양년도간 특별한 변동 사항은 그 원인을 규명한다.
A17: 2. 수출제비용, 포장비 등 변동비 월별명세서 를 입수하여 다음의 절차를 수행한다. | J17: O, C, A
A18: (1) 전기와 대비하여 검토
A19: (2) 매출액에 대한 구성비율 검토
A20: (3) 보조부 및 총계정원장과 대조
A21: (4) 보조부를 개관하여 특별한 금액이 있으면 담당자에게 질문하고 필요한 경우 증빙을 확인
A22: 3. 판매비와 관리비 중 관련되는 자산 또는 부채계정이 있을 경우 해당 자산 또는 부채 계정의 감사조서와 연결하여 검토한다. | J22: V, A
A23: 4. 전력비, 수도료, 임차료, 사용료등 매월 지급되는 비용은 최종월지급분의 계상유무를 검토한다. | J23: C, CO
A24: 5. 보고기간종료일 직전․후의 거래를 분석하여 기간귀속의 적정성을 확인한다. | J24: C, CO
A25: 6. 판매관리비용이 성격에 따라 적절히 분류되었는지를 파악한다. 특히, 판매관리비와 제조원가의 혼동, 판매관리비와 영업외비용의 혼동에 유의한다. | J25: CL
A26: 7. 특수관계자와의 거래 | J26: E, CL
A27: 특수관계자와의 거래에 대한 구체적인 절차는 Audit Guide 3500 특수관계자 거래를 참고한다.
A28: 8. 재무제표 공시사항 검토(공시사항점검표 참조) | J28: C, CL, U, P
A29: 9. 감사결론의 기술
A32: Part 2. 추가 고려 절차
A33: 감사절차 | J33: 경영진 주장 | K33: 조서번호
A34: 1. 다음의 비용은 관련되는 자산 또는 부채계정의 감사조서와 연결하여 검토한다. | J34: V, A
A35: (1) 급여 및 퇴직급여는 미지급비용 또는 퇴직급여충당부채 조서와 연결
A36: (2) 감가상각비와 수선비는 유형자산 감사조서와 연결
A37: (3) 무형자산상각비는 무형자산 감사조서와 연결
A38: (4) 대손상각비는 매출채권, 대손충당금감사조서와 연결
A39: (5) 보험료는 선급비용과 연결
A41: Part 3. 추가감사절차
A43: * 감사인이 상기 감사절차예시 이외의 추가절차를 수행할 경우, 아래에 해당 내용을 기재한다.
A45: 감사절차 | J45: 경영진주장 | K45: 조서번호

Sheet S
A1: 실 증 절 차
A2: (S. 기타이익, 기타비용)
A4: 회사명 | C4: =A!C4 -> 0 | F4: 작성자 | G4: =A!G4 -> 0 | I4: 일자
A5: 결산일 | C5: =A!C5 -> 0 | F5: 검토자 | G5: =A!G5 -> 0 | I5: 일자
A6: 경영진 주장 :
A7: A | B7: : 정확성(Accuracy) | D7: E | E7: : 실재성(Existence) | G7: RO | H7: : 권리와 의무(Rights and obligations)
A8: C | B8: : 완전성(Completeness) | D8: O | E8: : 발생사실(Occurrence) | G8: CL | H8: : 분류(Classification)
A9: CO | B9: : 기간귀속(Cutoff) | D9: V | E9: : 평가(Valuation) | G9: U | H9: : 이해가능성(Understandability)
A10: P | B10: : 표시(Presentation)
A11: ※ 업무요령 : 조서번호 2302 감사위험의 평가(경영진 주장 수준)에서 파악된 위험과 조서번호 3100 위험에 대한 대응에 기재된 실증절차에 맞게 실증절차를 수행한다.
A13: Part 1. 절차 예시
A14: 감사절차 | J14: 경영진 주장 | K14: 조서번호
A15: 1. 기타이익 및 기타비용 총괄표 작성 | J15: C, O, CL
A16: 당기 금액은 총계정원장과, 전기 금액은 전기감사보고서와 각각 대조하고, 양년도간 특별한 변동 사항은 그 원인을 규명한다.
A17: 2. 기타이익 및 기타비용 월별명세서 를 징구하여 다음의 절차를 수행한다. | J17: O, C, A
A18: (1) 전기와 대비하여 검토
A19: (2) 보조부 및 총계정원장과 대조
A20: (3) 보조부를 개관하여 특별한 금액이 있으면 담당자에게 질문하고 필요한 경우 증빙을 검토
A21: 3. 자산 또는 부채와 관련된 기타이익과 관련하여서는 관련 자산 또는 부채의 감사조서와 연결하여 전반적 합리성을 검토한다. | J21: V, A
A22: 4. 자산 또는 부채와 관련된 기타비용과 관련하여서는 관련 자산 또는 부채의 감사조서와 연결하여 전반적 합리성을 검토한다. | J22: C, V, A
A23: 5. 특수관계자와의 거래 | J23: E, CL
A24: 특수관계자와의 거래에 대한 구체적인 절차는 Audit Guide 3500 특수관계자 거래를 참고한다.
A25: 6. 재무제표 공시사항 검토(공시사항점검표 참조) | J25: C, CL, U, P
A26: 7. 감사결론의 기술
A27: Part 2. 추가 고려 절차
A28: 감사절차 | J28: 경영진 주장 | K28: 조서번호
A29: 1. 기타이익과 관련하여 다음의 항목은 자산의 또는 부채의 감사조서와 연결하여 전반적 합리성을 검토한다. | J29: V, A
A30: (1) 이자수익은 해당 이자부 자산조서
A31: (2) 대손충당금환입은 해당 자산조서
A32: (3) 임대료는 임대보증금 조서
A33: (4) 당기손익-공정가치금융자산평가(처분)이익, 기타포괄손익-공정가치금융자산재분류이익, 기타포괄손익-공정가치 채무상품 처분이익, 지분법이익은 “유가증권조서” 및 “종속기업또는관계기업,공동기업조서"
A34: (5) 자산손상환입은 해당자산조서
A35: (6) 외환차익, 외화환산이익은 해당자산조서
A36: (7) 유형자산처분이익은 유형자산조서
A37: (8) 사채상환이익은 사채조서
A38: (9) 법인세환급액은 법인세 관련조서
A39: 2. 기타비용과 관련하여 다음의 항목은 자산의 또는 부채의 감사조서와 연결하여 전반적 합리성을 검토한다. | J39: C, V, A
A40: (1) 이자비용은 해당 이자부 부채조서(금융비용을 재고자산이나 투자자산 또는 유형자산의 취득원가로 계상한 경우에는 관련자산 조서)
A41: (2) 매출채권처분손실은 매출채권조서
A42: (3) 당기손익-공정가치금융자산평가(처분)손실, 기타포괄손익-공정가치금융자산재분류손실, 기타포괄손익-공정가치 채무상품 처분손실, 지분법손실은 “유가증권조서” 및 “종속기업또는관계기업,공동기업조서”
A43: (4) 자산손상차손은 해당자산조서
A44: (5) 외환차손, 외화환산손실은 관련 외화자산부채계정조서
A45: (6) 유형자산처분손실은 관련 유형자산조서
A46: (7) 사채상환손실은 사채조서
A47: 3. 기타이익 및 기타비용 인식기준의 검토 | J47: A
A48: 해당 기타이익과 기타비용의 인식기준이 적정한지 검토한다.
A49: 예) 원금 또는 이자의 회수가 불확실한 채권의 기간경과분에 대한 이자수익은 현금을 수취하는 시점에 인식하였는가?
A51: Part 3. 추가감사절차
A53: * 감사인이 상기 감사절차예시 이외의 추가절차를 수행할 경우, 아래에 해당 내용을 기재한다.
A55: 감사절차 | J55: 경영진주장 | K55: 조서번호

Sheet T
A1: 실 증 절 차
A2: (T. 이연법인세,미지급법인세)
A4: 회사명 | C4: =A!C4 -> 0 | F4: 작성자 | G4: =A!G4 -> 0 | I4: 일자
A5: 결산일 | C5: =A!C5 -> 0 | F5: 검토자 | G5: =A!G5 -> 0 | I5: 일자
A6: 경영진 주장 :
A7: A | B7: : 정확성(Accuracy) | D7: E | E7: : 실재성(Existence) | G7: RO | H7: : 권리와 의무(Rights and obligations)
A8: C | B8: : 완전성(Completeness) | D8: O | E8: : 발생사실(Occurrence) | G8: CL | H8: : 분류(Classification)
A9: CO | B9: : 기간귀속(Cutoff) | D9: V | E9: : 평가(Valuation) | G9: U | H9: : 이해가능성(Understandability)
A10: P | B10: : 표시(Presentation)
A11: ※ 업무요령 : 조서번호 2302 감사위험의 평가(경영진 주장 수준)에서 파악된 위험과 조서번호 3100 위험에 대한 대응에 기재된 실증절차에 맞게 실증절차를 수행한다.
A13: Part 1. 절차 예시
A14: 감사절차 | J14: 경영진 주장 | K14: 조서번호
A15: 1. 법인세 과목에 대한 총괄표 작성 | J15: E, C, O, CL
A16: 당기말잔액은 총계정원장과 전기말잔액은 전기감사보고서와 각각 대조하고 양년도간에 특별한 변동사항이 있는 경우에는 그 원인을 규명한다.
A17: 2. 전기분 세무조정내용 대사확인 | J17: O, C, A
A18: 전기분 세무조정계산서와 결정결의서등을 검토하여 전기분 법인세신고서 초안과의 일치여부를 확인하고 환급, 수정신고, 경정이 있었던 경우 그 회계처리의 타당성 검토 및 당기분 법인세계산에 영향을 미치거나 고려되어야할 유보사항 등을 검토한다.
A19: 3. 당기분 법인세신고서의 검토 | J19: C, A, RO
A20: 회사가 작성한 법인세신고서 초안을 입수하여 회사의 각종 장부 및 감사조서와 대조확인하고, 부인될 가능성이 있는 항목이 있는 경우 해당항목에 관한 회계처리 또는 공시의 타당성을 검토한다.
A21: 4. 당기 회계이익과 과세소득과의 차이의 검토 | J21: C, A
A22: 일시적차이와 비일시적차이로 구분하여 다음사항을 확인한다.
A23: (1) 당기 과세소득에 가산할 일시적차이와 차감할 일시적차이의 내용과 금액의 누락여부
A24: (2) 비일시적차이로 당기 과세소득에 익금산입하거나 손금으로 인정될 사항의 내용과 금액의 누락여부
A25: (3) 비과세소득과 소득공제내용이 적정하게 계상되었는지 여부
A26: (4) 이월결손금이 있는 경우 세무상 적절한 처리여부
A27: 5. 당기 법인세비용 및 미지급법인세의 검토 | J27: O, A
A28: 법인세비용의 계산과 관련하여 다음 사항을 확인한다.
A29: (1) 자본에 가감되는 이연법인세자산(부채)와 법인세부담액
A30: (2) 최저한세규정에 해당 여부
A31: (3) 산출세액의 계산
A32: (4) 공제감면세액이 적정한지 관련법규와 증빙서류를 확인
A33: (5) 일시적차이 및 이월결손금에 대한 미래 법인세효과의 산정과 기간배분의 적정성
A34: (6) 이연법인세자산(부채)금액의 적정한 계상여부 및 실현가능성
A35: (7) 이연법인세자산을 인식한 경우, 차감할 일시적차이가 소멸될 회계기간(또는 세무상결손금과 세액공제가 사용될 회계기간)에 충분한 과세소득이 발생할 가능성이 높은지 평가
A36: (8) 법인세에 부가되는 세액(법인세할 주민세, 농특세등)이 포함되었는지 여부
A37: (9) 중간예납과 원천납부세액이 적정한지 보조부와 영수증등을 대조 확인
A38: (10) 차감납부할 세액은 미지급법인세계정과 연결하여 대조하고 차이가 있을 경우 그 원인을 규명
A39: (11) 법인세 처리의 불확실성 (UTP: Uncertain Tax Positions)여부 및 관련 회계처리(K-IFRS 2123호) 검토
A40: 6. 재무제표 공시사항의 적정성 검토(공시사항점검표 참조) | J40: C, CL, U, P
A41: 7. 감사결론의 기술
A44: Part 2. 추가 고려 절차
A45: 감사절차 | J45: 경영진 주장 | K45: 조서번호
A46: 1. 관계법령에 의한 준비금 등의 손금산입이 있는 경우에는 이익잉여금처분계산서의 처분내용에 해당준비금 등이 적정하게 반영되었는지 검토한다. | J46: C, A
A47: 2. 자산수증이익과 채무면제이익(법인세법상 이월결손금에 충당된 금액을 제외후 익금), 자기주식처분손익이 있는 경우에는 소득조정사항에 포함되었는지 여부를 검토한다. | J47: A
A48: 3. 국세나 지방세 중 과세당국의 처분에 불복하여 이의신청 또는 심판청구중이거나, 최근의 세무실사에 의해 감사일 현재 과년도분의 확정고지세액이 있는 경우, 그 중요성에 따라 감사보고서 기재 여부 및 전기오류수정 처리여부, 전기 및 당기의 미지급법인세와 이연법인세자산(부채)에 미치는 효과를 검토한다. | J48: O, C, A
A49: 4. 경영진측 및 감사인측 전문가 수행 업무의 평가 | J49: A, E, C,
A50: 감사증거로 사용될 정보가 경영진측 전문가가 수행한 업무의 도움으로 작성되거나 감사과정에서 감사인측 전문가가 수행한 업무를 활용하는 경우 Audit Guide 2131 전문가의 활용을 참조하여 평가한다. | J50: O, V
A52: Part 3. 추가감사절차
A54: * 감사인이 상기 감사절차예시 이외의 추가절차를 수행할 경우, 아래에 해당 내용을 기재한다.
A56: 감사절차 | J56: 경영진주장 | K56: 조서번호

Sheet U
A1: 실 증 절 차
A2: (U.매각예정비유동자산과 중단영업)
A4: 회사명 | C4: =A!C4 -> 0 | F4: 작성자 | G4: =A!G4 -> 0 | I4: 일자
A5: 결산일 | C5: =A!C5 -> 0 | F5: 검토자 | G5: =A!G5 -> 0 | I5: 일자
A6: 경영진 주장 :
A7: A | B7: : 정확성(Accuracy) | D7: E | E7: : 실재성(Existence) | G7: RO | H7: : 권리와 의무(Rights and obligations)
A8: C | B8: : 완전성(Completeness) | D8: O | E8: : 발생사실(Occurrence) | G8: CL | H8: : 분류(Classification)
A9: CO | B9: : 기간귀속(Cutoff) | D9: V | E9: : 평가(Valuation) | G9: U | H9: : 이해가능성(Understandability)
A10: P | B10: : 표시(Presentation)
A11: ※ 업무요령 : 조서번호 2302 감사위험의 평가(경영진 주장 수준)에서 파악된 위험과 조서번호 3100 위험에 대한 대응에 기재된 실증절차에 맞게 실증절차를 수행한다.
A13: Part 1. 절차 예시
A14: 감사절차 | J14: 경영진 주장 | K14: 조서번호
A15: 1매각예정 비유동자산(처분자산집단) 명세서 를 입수하여 계산검증하고 보조부와 대조 확인한다. | J15: C, V, CL
A16: 2매각예정 분류조건 충족여부 검토 | J16: O, CL
A17: ⑴K-IFRS 5 문단 6~8에 따른 매각예정 분류조건이 모두 충족되는지 여부를 검토한다.
A18: ⑵매각계획의 변경이 발생하는 경우 매각예정 분류조건이 충족될 수 없는지 검토한다.
A19: 3매각예정 비유동자산(처분자산집단)의 측정 검토 | J19: V, A
A20: 순공정가치와 장부금액 중 작은 금액으로 측정되었는지 검토한다. 1년 이후에 매각될 것으로 예상되는 경우 매각부대원가를 현재가치로 측정하였는지 검토한다.
A21: 4자산의 순공정가치 변동의 회계처리 적정성 검토 | J21: A, V
A22: ⑴순공정가치의 하락 및 증가에 대하여 회계처리가 적정한지 검토한다.
A23: ⑵더 이상 매각예정으로 분류할 수 없는 비유동자산의 장부금액에 반영하는 조정금액이 계속영업손익에 포함되었는지 여부를 검토한다.
A24: 5중단영업의 조건 충족여부 검토 | J24: O
A25: 중단영업이 다음과 같은 정의를 충족하는지 검토한다.
A26: ⑴별도의 주요 사업계열이나 영업지역이다.
A27: ⑵별도의 주요 사업계열이나 영업지역을 처분하려는 단일 계획의 일부이다.
A28: ⑶매각만을 목적으로 취득한 종속기업이다.
A29: 6매각계획의 변경으로 매각예정 분류조건 미충족시 재무제표 표시 검토 | J29: O, CL
A30: 매각계획의 변경으로 더 이상 매각예정으로 분류할 수 없는 경우 비교표시되는 모든 회계기간에 재분류하여 계속영업손익에 포함하였는지 여부를 검토하고 과거기간에 해당하는 금액이 재분류되었음을 공시하였는지 검토한다.
A31: 7재무제표 공시사항 검토(공시사항점검표 참조) | J31: C, CL, U, P
A32: 8감사결론의 기술
A34: Part 2. 추가 고려 절차
A35: 감사절차 | J35: 경영진 주장 | K35: 조서번호
A36: 1매각예정 비유동자산의 실사 | J36: E, RO
A37: 매각예정 비유동자산(처분자산집단)의 실재성과 소유권을 검증하고 유치권, 저당권 및 담보제공 등에 대하여 조회서, 계약서 및 의사록 등을 검토한다.
A38: 2폐기될 비유동자산의 분류 검토 | J38: O, CL
A39: 폐기될 비유동자산(처분자산집단)이 매각예정으로 잘못 분류되었는지 검토한다. 폐기될 처분자산집단이 K-IFRS 문단 32(1)~(3)의 요건을 충족하는 경우 사용이 중단된 날에 중단영업으로 표시되었는지 확인한다.
A40: 3과거기간의 중단영업을 당기에 조정하는 경우 분류표시의 검토 | J40: CL
A41: 과거 기간에 중단영업의 처분과 직접 관련하여 중단영업으로 표시했던 금액을 당기에 조정하는 경우 다음과 같은 조정사항의 성격과 금액이 공시되었는지 검토한다.
A42: ⑴처분거래의 조건과 관련된 불확실성의 해소. 예를 들어, 매수자와 가격조정 및 보상 문제의 해결
A43: ⑵처분 전 구분단위의 영업에서 발생하거나 영업과 직접 관련된 불확실성의 해소. 예를 들어, 매도자가 부담하는 환경보호의무와 제품보증의무의 해소
A44: ⑶처분거래와 직접 연관되어 결제하는 경우의 종업원급여제도와 관련된 채무의 결제
A45: 4중단영업손익의 포괄손익계산서상 표시방법 검토 | J45: A, CL
A46: 다음의 합계가 포괄손익계산서에 단일금액으로 표시되었는지 확인한다.
A47: ⑴세후 중단영업손익
A48: ⑵중단영업에 포함된 자산이나 처분자산집단을 순공정가치로 측정하거나 처분함에 따른 세후 손익
A49: 중단영업손익으로 구분 표시하고 그 구성내역은 주석으로 기재
A50: ⑶중단영업의 수익, 비용 및 세전 중단영업손익
A51: ⑷기업회계기준서 제1012호의 문단 81⑻에 의한 ㈎와 관련된 법인세비용
A52: ⑸중단영업에 포함된 자산이나 처분자산집단을 순공정가치로 측정하거나 처분함에 따라 인식된 손익
A53: ⑹기업회계기준서 제1012호의 문단 81⑻에 의한 ㈐와 관련된 법인세비용
A54: 5경영진측 및 감사인측 전문가 수행 업무의 평가 | J54: A, E, C,
A55: 감사증거로 사용될 정보가 경영진측 전문가가 수행한 업무의 도움으로 작성되거나 감사과정에서 감사인측 전문가가 수행한 업무를 활용하는 경우 Audit Guide 2131 전문가의 활용을 참조하여 평가한다. | J55: O, V
A57: Part 3. 추가감사절차
A59: * 감사인이 상기 감사절차예시 이외의 추가절차를 수행할 경우, 아래에 해당 내용을 기재한다.
A61: 감사절차 | J61: 경영진주장 | K61: 조서번호

Sheet V
A1: 실 증 절 차
A2: (V. KIFRS 최초채택)
A4: 회사명 | C4: =A!C4 -> 0 | F4: 작성자 | G4: =A!G4 -> 0 | I4: 일자
A5: 결산일 | C5: =A!C5 -> 0 | F5: 검토자 | G5: =A!G5 -> 0 | I5: 일자
A6: 경영진 주장 :
A7: A | B7: : 정확성(Accuracy) | D7: E | E7: : 실재성(Existence) | G7: RO | H7: : 권리와 의무(Rights and obligations)
A8: C | B8: : 완전성(Completeness) | D8: O | E8: : 발생사실(Occurrence) | G8: CL | H8: : 분류(Classification)
A9: CO | B9: : 기간귀속(Cutoff) | D9: V | E9: : 평가(Valuation) | G9: U | H9: : 이해가능성(Understandability)
A10: P | B10: : 표시(Presentation)
A11: ※ 업무요령 : 조서번호 2302 감사위험의 평가(경영진 주장 수준)에서 파악된 위험과 조서번호 3100 위험에 대한 대응에 기재된 실증절차에 맞게 실증절차를 수행한다.
A13: Part 1. 절차 예시
A14: 감 사 절 차 | J14: 경영진 주장 | K14: 조서번호
A15: 1.최초 K-IFRS 재무제표 확인 | J15: E, O, C
A16: 기업이 작성한 K-IFRS 재무제표가 최초 K-IFRS 재무제표인지 확인한다.
A17: 2,동일한 회계정책 적용 검토 | J17: C
A18: 개시 K-IFRS 재무상태표와 최초 K-IFRS 재무제표에 표시된 모든 회계기간에는 동일한 회계정책을 적용하였는지 검토한다.
A19: 3.다른 K-IFRS 소급적용에 대한 예외 확인 | J19: E, O, V
A20: 다음과 같은 K-IFRS 소급적용에 대한 예외사항이 있는 경우 그 적정성을 확인한다.
A21: (1)추정치 : K-IFRS 전환일의 K-IFRS에 따른 추정치는 기존의 추정에 오류가 있었다는 객관적인 증거가 없는 한 동일한 시점에 과거회계기준에 따라 추정된 추정치(회계정책의 차이조정 반영 후)와 일관성이 있어야 한다.
A22: (2)금융자산과 금융부채의 제거 : K-IFRS 전환일 에 발생한 거래에 대하여 K-IFRS 제1109호 ‘금융상품’의 제거 관련 규정을 전환일 이후에 발생한 거래에 대해 전진적용한다.
A23: (3)위험회피회계 :
A24: ①개시 K-IFRS 재무상태표에 K-IFRS 제1039호에 따라 위험회피회계를 충족하지 못하는 위험회피관계(예를 들면, 위험회피수단이 비파생상품이나 매도옵션인 경우, 위험회피대상항목이 순포지션인 경우 또는 위험회피대상이 만기보유금융자산의 이자위험인 경우)를 반영하지 아니한다.
A25: ②위험회피관계가 한국채택국제회계기준 전환일부터 위험회피회계의 적용요건을 충족하려면 위험회피관계의 지정과 문서화는 K-IFRS 전환일 이전에 완료되어야 한다.
A26: (4)비지배지분 : 최초채택기업은 K-IFRS 제1027호(2008년 개정)의 다음 규정을 K-IFRS 전환일부터 전진적으로 적용한다.
A27: ①비지배지분이 부(-)의 잔액이 되더라도 총포괄손익은 지배기업의 소유주와 비지배지분에 귀속된다는 문단 28의 요구사항
A28: ②지배력을 상실하지 않는 종속기업에 대한 지배기업의 소유지분 변동의 회계처리에 대한 문단 30과 31의 요구사항
A29: ③종속기업에 대한 지배력 상실의 회계처리에 대한 문단 34∼37의 요구사항 및 기업회계기준서 제1105호 ‘매각예정비유동자산과 중단영업’의 문단 8A의 관련 요구사항
A30: 4. 다른 K-IFRS에 대한 면제조항에 대한 확인 | J30: E, O, V
A31: 다음과 같은 면제조항이 있는 경우 그 적정성을 확인한다.
A32: (1)주식기준보상거래
A33: (2)보험계약
A34: (3)간주원가로서의 공정가치나 재평가액
A35: (4)리스
A36: (5)종업원급여
A37: (6)누적환산차이
A38: (7)종속기업, 공동지배기업 및 관계기업에 대한 투자
A39: (8)종속기업, 관계기업 및 조인트벤처의 자산과 부채
A40: (9)복합금융상품
A41: (10)과거에 인식한 금융상품의 지정
A42: (11)최초 인식시점의 금융자산이나 금융부채의 공정가치 측정
... A49: (18)사업결합
A50: 5. 비교정보의 적정성 확인 | J50: CL, U
A51: 최초 K-IFRS 재무제표는 적어도 세 개의 재무상태표, 두 개의 포괄손익계산서, 두 개의 별도 손익계산서(표시하는 경우), 두 개의 현금흐름표 및 두 개의 자본변동표와 관련 주석을 포함하여야 하며, 비교정보를 포함하는지 검토한다.
A52: 6. K-IFRS로의 전환에 대한 설명의 적정성 확인 | J52: CL, U
A53: 최초 한국채택국제회계기준 재무제표가 다음을 포함하고 있는지 검토한다.
A54: (1)다음 각각의 기준일에 과거회계기준에 따라 보고된 자본에서 한국채택국제회계기준에 따른 자본으로의 조정
A55: ①한국채택국제회계기준 전환일
A56: ②과거회계기준에 따른 최근 연차재무제표에 표시된 최종 기간의 종료일
A57: (2)최근 연차재무제표의 최종 기간에 대해 한국채택국제회계기준에 따른 총포괄손익으로의 조정.
A58: (3)개시 한국채택국제회계기준 재무상태표를 작성하면서 손상차손을 최초로 인식하거나 환입하는 경우, 그러한 손상차손이나 손상차손환입을 한국채택국제회계기준 전환일에 개시하는 회계기간에 인식하였다면 K-IFRS 제1036호 ‘자산손상’에서 요구하는 공시사항
A59: (4)개시 K-IFRS 재무상태표에서 유형자산, 투자부동산 또는 무형자산의 개별항목에 대하여 공정가치를 간주원가로 사용하는 경우 최초 K-IFRS 재무제표는 개시 K-IFRS 재무상태표의 각 항목에 대해 다음 사항을 공시한다.
A60: ①공정가치의 총계
A61: ②과거회계기준에 따라 보고한 장부금액에 대한 조정의 총계
A62: 7.재무제표 공시 사항의 적정성 검토(공시사항점검표 참조) | J62: C, CL, U, P
A63: 8.감사결론의 기술
A65: Part 2. 추가감사절차
A67: * 감사인이 상기 감사절차예시 이외의 추가절차를 수행할 경우, 아래에 해당 내용을 기재한다.
A69: 감사절차 | J69: 경영진주장 | K69: 조서번호

Sheet JV
A1: 실 증 절 차
A2: (JV. 공동약정(KIFRS 1111호))
A4: 회 사 명 : | C4: 0 | F4: 작 성 자 : | G4: =A!G4 -> 0 | I4: 일 자 :
A5: 결 산 일 : | C5: 0 | F5: 검 토 자 : | G5: =A!G5 -> 0 | I5: 일 자 :
A6: 경영진 주장 :
A7: A | B7: : 정확성(Accuracy) | D7: E | E7: : 실재성(Existence) | G7: RO | H7: : 권리와 의무(Rights and obligations)
A8: C | B8: : 완전성(Completeness) | D8: O | E8: : 발생사실(Occurrence) | G8: CL | H8: : 분류(Classification)
A9: CO | B9: : 기간귀속(Cutoff) | D9: V | E9: : 평가(Valuation) | G9: U | H9: : 이해가능성(Understandability)
A10: P | B10: : 표시(Presentation)
A11: ※ 업무요령 : 조서번호 2302 감사위험의 평가(경영진 주장 수준)에서 파악된 위험과 조서번호 3100 위험에 대한 대응에 기재된 실증절차에 맞게 실증절차를 수행한다.
A13: Part 1. 절차 예시
A14: 감 사 절 차 | J14: 경영진 주장 | K14: 조서번호
A15: 1. 공동약정 식별의 완전성 및 실재성 확인
A16: (1) 둘 이상의 당사자들이 공동지배력을 보유하고 있는 약정이 있는 지 회사에 질문하고 공동약정 목록을 요청합니다. | J16: E, C
A17: (2) 수령한 공동약정목록과 이사회의사록, 투자계약서 등을 대사하여 식별된 공동약정의 완전성 및 실재성을 확인한다. | J17: E, C
A18: 2.공동약정 유형 구분의 적정성 확인
A19: (1) 식별된 공동약정의 회의록, 계약서, 공동약정의 정관 및 내규 등을 검토하여 회사가 구분한 공동약정의 유형(공동영업, 공동기업)이 적절한 지 확인한다. | J19: CL
A20: (2) 당기 중 사실과 상황이 변경된 경우, 관여하고 있는 공동약정의 유형이 변경되는지 재평가 한다. | J20: CL
A21: 3. 공동약정 유형별 감사절차
A22: (1) 공동약정의 유형이 공동기업인 경우 아래와 같이 감사절차를 수행하고 문서화한다.
A23: ① 공동지배력이 있거나 유의적영향력이 있는 공동기업참여자는 'SAJ 종속기업또는관계기업,공동기업 실증절차지시서'의 감사절차를 수행하고 'SAJ 종속기업또는관계기업,공동기업'조서에 문서화 한다. | J23: E, V, CL
A24: ② 그 밖의 공동기업참여자는 'B. 유가증권 실증절차지시서'중 금융상품에 적용되는 감사절차를 수행하고 'B. 유가증권'조서에 문서화 한다. | J24: E, V, CL
A25: (2) 공동약정의 유형이 공동영업인 경우 아래와 같이 감사절차를 수행하고 문서화 한다.
A26: ① 공동영업의 분배와 인식에 필요한 자료(재무제표, 정산서, 분배내역서 등)에 대한 충분하고 적합한 감사증거를 획득한다. 해당 공동영업이 유의적 부문일 경우 감사인이 직접 감사절차 등를 수행하거나 다른 공동영업자의 감사인에 의하여 감사절차 등이 수행될 것이며, 유의적 부문이 아닐 경우 감사인에 의하여 분석적 검토절차 등이 수행될 것이다. | J26: E, O, C, A, V
A27: ※ 감사인이 직접 공동영업에 대한 감사절차를 수행하는 경우 감사조서를 '4000.계정별 실증절차'내에서 JV.조서번호를 부여하여 조서화하는 대신 '4000.계정별 실증절차'와 같은 수준으로'4000-JV명. 계정별 실증절차'를 별도로 구성하여 조서화할 수 있다. 단, 별도로 조서 구성하는 경우에도 공동영업에 대한 감사결과 발견된 미비점 및 감사결론은 '4000.계정별 실증절차'내에서 JV.조서번호를 부여하여 조서화한다.
A28: ② 공동영업자와 공동영업간 거래에 대한 회계처리가 적절히 되었는지 확인한다.(KIFRS 1111호 문단 B34~37) | J28: A, V
A29: ③ 공동영업의 자산, 부채, 수익, 비용에서 자신의 몫이 공동약정에 따라 적절하게 인식되었는지 확인한다. | J29: E, O, C, A, V
A30: (공동영업자는 KIFRS 1111호 문단 20~22, 공동영업에 참여는 하지만 공동지배력을 보유하지 않은 당사자는 KIFRS 1111호 문단 23 참조)
A31: (공동지배력을 보유하지 않은 당사자는별도의 법적실체가 존재하는 경우라면 유의적인 영향력 여부에 따라 K-IFRS 1028호 혹은 K-IFRS 1109호에 따라 지분을 회계처리, 별도의 법적실체가 존재하지 않는 경우라면 관련기준서(예: 유형자산- K-IFRS 제1016호 적용)를 적용하여 공동영업의 자산이나 부채에 대한 지분만큼 인식하는 방식으로 회계처리)
A32: ④ 공동영업 중 인식된 자신의 몫(자산,부채,수익,비용)과 해당되는 각 계정과목조서에 기재된 금액의 일치여부를 확인한다. | J32: E, O, C, A, V
A33: 4. 재무제표 공시사항(공시사항 점검표 참조) | J33: C, CL, U, P
A34: 5. 감사결론의 기술
A37: Part 2. 추가감사절차
A39: * 감사인이 상기 감사절차예시 이외의 추가절차를 수행할 경우, 아래에 해당 내용을 기재한다.
A41: 감사절차 | J41: 경영진주장 | K41: 조서번호

Sheet SEG
A1: 실 증 절 차
A2: (SEG. 부문정보)
A4: 회사명 | C4: =A!C4 -> 0 | F4: 작성자 | G4: =A!G4 -> 0 | I4: 일자
A5: 결산일 | C5: =A!C5 -> 0 | F5: 검토자 | G5: =A!G5 -> 0 | I5: 일자
A6: 경영진 주장 :
A7: A | B7: : 정확성(Accuracy) | D7: E | E7: : 실재성(Existence) | G7: RO | H7: : 권리와 의무(Rights and obligations)
A8: C | B8: : 완전성(Completeness) | D8: O | E8: : 발생사실(Occurrence) | G8: CL | H8: : 분류(Classification)
A9: CO | B9: : 기간귀속(Cutoff) | D9: V | E9: : 평가(Valuation) | G9: U | H9: : 이해가능성(Understandability)
A10: P | B10: : 표시(Presentation)
A11: ※ 업무요령 : 조서번호 2302 감사위험의 평가(경영진 주장 수준)에서 파악된 위험과 조서번호 3100 위험에 대한 대응에 기재된 실증절차에 맞게 실증절차를 수행한다.
A13: Part 1. 절차 예시
A14: 감 사 절 차 | J14: 경영진 주장 | K14: 조서번호
A15: 1.경영진이 부문정보의 결정에 사용한 방법을 이해하고, 동 내용을 문서화한다. 문서화할 항목의 예는 다음과 같다. | J15: C, A CL
A16: (1)부문간 판매, 대체 및 청구와 부문간 거래금액의 제거
A17: (2)예를 들어 매출액 영업이익률과 같이, 예산이나 기타의 예상 결과와 비교
A18: (3)자산과 비용의 부문간 배부
A19: (4)과거 보고기간과의 일관성, 그리고 일관성이 위배된 경우 관련 공시의 적절성
A20: 2.1에서 문서화한 내용을 기초로 다음의 절차를 수행한다. | J20: C, A, CL
A21: (1)경영진이 사용한 방법에 의해 기준서에 따른 공시가 이루어 질 수 있는지 여부를 평가한다.
A22: (2)적절한 경우, 동 방법의 적용에 대해 테스트한다.
A23: 3.부문정보가 기준서에 따라 표시되고 공시되었는지 분석적절차 또는 해당 상황에 적합한 기타의 감사절차를 수행한다. | J23: C, A, CL, P
A24: 4.재무제표 공시 사항의 적정성 검토(공시사항점검표 참조) | J24: C, CL, U, P
A25: 5.감사결론의 기술
A27: Part 2. 추가감사절차
A29: * 감사인이 상기 감사절차예시 이외의 추가절차를 수행할 경우, 아래에 해당 내용을 기재한다.
A31: 감사절차 | J31: 경영진주장 | K31: 조서번호

Sheet EST
A1: 실 증 절 차
A2: (EST. 공정가치 등 회계추정치)
A4: 회사명 | C4: =A!C4 -> 0 | F4: 작성자 | G4: =A!G4 -> 0 | K4: 일자
A5: 결산일 | C5: =A!C5 -> 0 | F5: 검토자 | G5: =A!G5 -> 0 | K5: 일자
A6: 경영진 주장 :
A7: A | B7: : 정확성(Accuracy) | D7: E | E7: : 실재성(Existence) | G7: RO | H7: : 권리와 의무(Rights and obligations)
A8: C | B8: : 완전성(Completeness) | D8: O | E8: : 발생사실(Occurrence) | G8: CL | H8: : 분류(Classification)
A9: CO | B9: : 기간귀속(Cutoff) | D9: V | E9: : 평가(Valuation) | G9: U | H9: : 이해가능성(Understandability)
A10: P | B10: : 표시(Presentation)
A11: ※ 업무요령 : 조서번호 2302 감사위험의 평가(경영진 주장 수준)에서 파악된 위험과 조서번호 3100 위험에 대한 대응에 기재된 실증절차에 맞게 실증절차를 수행한다.
A13: I. 회계추정치에 대한 실증절차
A14: 감사절차 | L14: 경영진 주장 | M14: 조서번호
A15: 1. 조서번호 3400 공정가치 등 회계추정치에서 수행된 위험평가에 기초하여 다음을 결정한다. | L15: V
B16: 구분 | H16: 내용
B17: (1) 경영진이 회계추정치와 관련하여 해당 재무보고체계의 요구사항을 적합하게 적용했는지 여부 | H17: [ ] | I17: 예 | J17: [ ] | K17: 아니오
B18: (2) 회계추정치의 도출방법이 적합하며 일관되게 적용되어 왔는지 여부 | H18: [ ] | I18: 예 | J18: [ ] | K18: 아니오
B19: (3) 회계추정치와 이의 도출방법에 전기와 다른 변경이 있었다면 해당 상황에 비추어 적합한지 여부 | H19: [ ] | I19: 예 | J19: [ ] | K19: 아니오
B20: (4) 충분하고 적합한 감사증거를 입수하기 위하여 전문적인 기술이나 지식이 요구되는지 여부 | H20: [ ] | I20: 예 | J20: [ ] | K20: 아니오
A22: 2. 감사인은 당기 회계추정치에 위험평가를 위하여 전기재무제표에 포함된 회계추정치의 결과, 또는 해당되는 경우 후속적인 재추정을 검토하여야 한다. 이 검토로부터 입수된 정보가 당기재무제표에 계상된 회계추정치의 중요왜곡표시위험을 식별하고 평가하는 데 관련이 있을 것인지 여부를 고려한다. | L22: V
A23: 3. 평가된 위험에 대응할 때 회계추정치의 성격을 고려하여 다음의 절차 중 하나 이상을 수행하여야 한다. | L23: V
A24: (1) 감사보고서일까지 발생한 사건이 회계추정치에 관한 감사증거를 제공하고 있는지 여부를 결정한다.
A25: (2) 경영진의 회계추정치 도출방법과 그러한 추정의 근거가 된 데이터를 테스트한다. 이 과정에서 다음 사항을 평가한다.
A26: ① 이용된 측정방법이 해당 상황에 적합한지 여부
A27: ② 경영진이 적용한 가정이 해당 재무보고체계의 측정목적에 비추어 합리적인지 여부
A28: (3) 적합한 실증절차와 함께, 경영진의 회계추정치 도출방법에 대한 통제의 운영효과성을 테스트한다.
A29: (4) 경영진의 점추정치를 평가하기 위하여 감사인이 점추정치 또는 범위치를 도출한다. 이를 위해 다음 절차를 수행한다.
A30: ① 만약 감사인이 경영진과 다른 가정이나 추정방법을 이용하는 경우에는, 감사인의 점추정치 또는 범위치가 관련 변수들을 고려하고 있음을 보이고 또 이것이 경영진의 점추정치와 유의적인 차이가 있는 경우 이를 평가하는 데 충분하도록 경영진의 가정이나 추정방법을 이해함.
A31: ② 만약 감사인이 범위치를 이용하는 것이 적합하다고 결론을 내리면, 입수한 감사증거를 근거로 하여 범위치 내의 모든 결과들이 합리적이라고 여겨질 때까지 동 범위치를 좁힘.
A32: 4. 감사증거에 기초하여 재무제표의 회계추정치가 해당 재무보고체계의 관점에서 합리적인지 또는 왜곡표시되었는지 여부를 평가한다. | L32: V
A33: 5. 회계추정치와 관련된 재무제표의 공시가 해당 재무보고체계의 요구사항을 준수하고 있는지 여부에 대해 충분하고 적합한 감사증거를 입수한다. | L33: C, CL, U, P
A34: 6. 감사결론의 기술
A37: II. 유의적 위험에 대응하는 추가감사절차
A38: 감사절차 | L38: 경영진 주장 | M38: 조서번호
A39: 1. 유의적 위험을 초래하는 회계추정치에 대해 다음 사항을 평가한다. | L39: V
A40: (1) 경영진이 대체적인 가정이나 결과를 어떻게 고려하였는지, 그리고 그러한 가정이나 결과를 왜 기각하였는지, 그렇지 않을 경우 회계추정치를 도출할 때의 추정 불확실성에 어떻게 대응하였는지에 관한 사항
A41: (2) 경영진이 이용한 유의적 가정들이 합리적인지 여부
A42: (3) 경영진이 이용한 유의적 가정들이 합리적인지 또는 해당 재무보고체계를 적합하게 적용하였는지와 관련하여, 특정한 일련의 행위를 실행할 경영진의 의도 및 이를 실행할 능력
A43: 2. 상기 1의 (1)에서 만약 경영진이 유의적 위험이 유발되는 회계추정치의 추정불확실성에 따른 영향에 적절히 대응하지 못하였다고 판단하면, 필요하다고 고려되는 경우 범위치를 도출하여 회계추정치의 합리성을 평가한다. | L43: V
A44: 3. 다음 사항들이 해당 재무보고체계의 요구사항을 준수한 것인지 여부에 대해 충분하고 적합한 감사증거를 입수한다. | L44: V
A45: (1) 재무제표에 회계추정치를 인식하거나 인식하지 않기로 한 경영진의 결정.
A46: (2) 당해 회계추정치를 위하여 선택한 측정기준.
A47: 4. 추정의 불확실성에 대한 공시가 적절한지 평가한다. | L47: C, CL, U, P
A48: 5. 감사결론의 기술
A50: III. 추가감사절차
A52: * 감사인이 상기 감사절차예시 이외의 추가절차를 수행할 경우, 아래에 해당 내용을 기재한다.
A54: 감사절차 | L54: 경영진주장 | M54: 조서번호

Sheet IOC
A1: 실 증 절 차
A2: (IOC. 정보시스템조직의 회계관리 입출력)
A4: 회사명 | C4: =A!C4 -> 0 | F4: 작성자 | G4: =A!G4 -> 0 | I4: 일자
A5: 결산일 | C5: =A!C5 -> 0 | F5: 검토자 | G5: =A!G5 -> 0 | I5: 일자
A6: 경영진 주장 :
A7: A | B7: : 정확성(Accuracy) | D7: E | E7: : 실재성(Existence) | G7: RO | H7: : 권리와 의무(Rights and obligations)
A8: C | B8: : 완전성(Completeness) | D8: O | E8: : 발생사실(Occurrence) | G8: CL | H8: : 분류(Classification)
A9: CO | B9: : 기간귀속(Cutoff) | D9: V | E9: : 평가(Valuation) | G9: U | H9: : 이해가능성(Understandability)
A10: P | B10: : 표시(Presentation)
A11: ※ 업무요령 : 조서번호 2302 감사위험의 평가(경영진 주장 수준)에서 파악된 위험과 조서번호 3100 위험에 대한 대응에 기재된 실증절차에 맞게 실증절차를 수행한다.
A13: Part 1. 절차 예시
A14: 감사절차 | J14: 경영진 주장 | K14: 조서번호
A15: 1. 일반거래기록의 장표처리 안전성 검증
A16: (1) 월말을 포함한 수일간의 입력자료 리스트를 출력하여 일계표를 검증한다.
A17: (2) 상기 입력 리스트와 보조부의 기록을 대사한다.
A18: (3) 상기 일계표와 총계정원장을 대사한다.
A19: 2. 총계정원장과 각종 재무제표의 결론에 대한 정확성 검증
A20: (1) 총계정원장의 출력자료와 시산표와 대사
A21: (2) 시산표와 각종 명세서 대사
A22: (3) 분개장(Journal Entry)과 시산표, 재무제표 대사
A23: 3. 결산감사시의 계속성, 정확성 검증
A24: (1) 중간감사 시산표와 결산시의 동일자 시산표를 대사하여 중간감사일 이후의 정정. 수정분개의 타당성 검증
A25: (2) 결산분개 리스트를 입수하여 해당 기초자료와 대사하여 타당성 및 계산 검증
A26: 4. 입력기초자료의 거래인식에 대한 검토
... A42: * 감사인이 상기 감사절차예시 이외의 추가절차를 수행할 경우, 아래에 해당 내용을 기재한다.
A44: 감사절차 | J44: 경영진주장 | K44: 조서번호

Sheet CF
A1: 실 증 절 차
A2: (CF. 현금흐름표 검토조서)
A4: 회사명 | C4: =A!C4 -> 0 | F4: 작성자 | G4: =A!G4 -> 0 | I4: 일자
A5: 결산일 | C5: =A!C5 -> 0 | F5: 검토자 | G5: =A!G5 -> 0 | I5: 일자
A7: 감사절차 | K7: 조서번호
A8: 1. 현금흐름표 및 이를 뒷받침하는 세부 명세서를 입수하여 다음을 수행한다.
A9: (1) 현금흐름표는 회계기간 동안 발생한 현금 흐름을 영업활동, 투자활동 및 재무활동으로 분류하여 보고하고 있는지 검증한다.
A10: (2) 영업활동 현금흐름은 직접법 또는 간접법을 이용하여 적절히 표시되고 있는지 검증한다.
A11: (3) 명세서의 산술적 정확성을 테스트하고 금액을 현금흐름표 상의 적절한 항목과 대사한다.
A12: 2. 영업활동 현금흐름의 구성내역에 대하여 다음의 절차를 통하여 적정성을 검토한다.
A13: (1) 영업활동으로 표시된 현금흐름을 검토하여 회사의 주된 수익창출활동과 일치하는지 검토한다.
A14: ※선급금, 미지급금, 미수금 등의 계정에 영업활동이 아닌 투자활동(유형자산취득/처분) 성격의 자산 및 부채가 존재할 수 있으므로 이에 대해 검토하여 영업활동으로 인한 현금흐름이 왜곡되지 않도록 주의를 기울일 필요가 있음
A15: (2) 영업활동 현금흐름에 포함된 금액이 전기의 구분과 일관되는지 검토한다.
A16: (3) 전기와 계정 구분에 유의적인 불일치가 있는 경우 이에 대한 증빙서류를 입수하여 그 적합성을 평가한다.
A17: 3. 투자활동 현금흐름의 구성내역에 대하여 다음의 절차를 통하여 적정성을 검토한다.
A18: (1) 투자활동 현금흐름의 구성을 검토하여 미래의 수익 창출을 위한 자원의 확보를 위하여 지출되었는지 검토한다.
A19: (2) 투자활동 현금흐름에 포함된 금액이 전기의 구분과 일관되는지 검토한다.
... A41: * 감사인이 상기 감사절차예시 이외의 추가절차를 수행할 경우, 아래에 해당 내용을 기재한다.
A43: 감사절차 | J43: 경영진주장 | K43: 조서번호
